{"type":"FeatureCollection","features":[{"type":"Feature","properties":{"state":"NSW","name":"New South Wales"},"geometry":{"type":"MultiPolygon","coordinates":[[[[159.105,-31.564],[159.069,-31.596],[159.077,-31.544],[159.038,-31.512],[159.065,-31.51],[159.105,-31.564]]],[[[151.182,-33.83],[151.144,-33.829],[151.169,-33.839],[151.18,-33.836],[151.174,-33.843],[151.136,-33.836],[151.149,-33.839],[151.134,-33.845],[151.093,-33.82],[151.051,-33.824],[151.084,-33.822],[151.075,-33.833],[151.081,-33.846],[151.094,-33.824],[151.1,-33.844],[151.121,-33.842],[151.119,-33.865],[151.127,-33.844],[151.142,-33.853],[151.154,-33.842],[151.165,-33.855],[151.145,-33.863],[151.151,-33.872],[151.185,-33.846],[151.197,-33.86],[151.174,-33.871],[151.189,-33.876],[151.208,-33.854],[151.221,-33.869],[151.23,-33.858],[151.232,-33.875],[151.267,-33.871],[151.281,-33.833],[151.286,-33.892],[151.258,-33.922],[151.266,-33.968],[151.252,-33.965],[151.249,-34.002],[151.226,-33.977],[151.209,-33.982],[151.22,-33.967],[151.192,-33.954],[151.193,-33.974],[151.186,-33.952],[151.182,-33.968],[151.168,-33.95],[151.14,-34.003],[151.123,-34.001],[151.131,-33.984],[151.118,-33.99],[151.11,-34.023],[151.127,-34.01],[151.138,-34.037],[151.16,-34.032],[151.142,-34.015],[151.162,-34.0],[151.179,-34.013],[151.16,-34.023],[151.196,-34.021],[151.206,-34.014],[151.187,-34.008],[151.222,-34.001],[151.23,-34.026],[151.215,-34.042],[151.166,-34.041],[151.153,-34.073],[151.149,-34.055],[151.14,-34.074],[151.134,-34.056],[151.112,-34.072],[151.105,-34.042],[151.102,-34.059],[151.097,-34.047],[151.077,-34.054],[151.089,-34.066],[151.061,-34.064],[151.057,-34.074],[151.102,-34.065],[151.106,-34.08],[151.079,-34.089],[151.132,-34.076],[151.124,-34.092],[151.135,-34.082],[151.133,-34.074],[151.169,-34.075],[151.172,-34.087],[151.128,-34.138],[150.989,-34.232],[150.928,-34.317],[150.919,-34.359],[150.931,-34.369],[150.902,-34.408],[150.91,-34.465],[150.884,-34.458],[150.908,-34.476],[150.914,-34.465],[150.922,-34.494],[150.891,-34.506],[150.875,-34.538],[150.863,-34.529],[150.887,-34.492],[150.832,-34.486],[150.838,-34.5],[150.812,-34.507],[150.814,-34.534],[150.797,-34.546],[150.81,-34.549],[150.795,-34.555],[150.804,-34.561],[150.862,-34.537],[150.875,-34.589],[150.904,-34.597],[150.856,-34.615],[150.865,-34.672],[150.825,-34.783],[150.811,-34.773],[150.782,-34.791],[150.75,-34.855],[150.751,-34.891],[150.771,-34.896],[150.769,-34.926],[150.786,-34.93],[150.785,-34.987],[150.81,-35.012],[150.85,-35.013],[150.832,-35.041],[150.843,-35.051],[150.834,-35.074],[150.806,-35.094],[150.786,-35.073],[150.776,-35.083],[150.787,-35.036],[150.767,-35.015],[150.778,-35.002],[150.751,-34.991],[150.671,-35.037],[150.677,-35.069],[150.698,-35.071],[150.702,-35.123],[150.661,-35.118],[150.647,-35.102],[150.638,-35.117],[150.614,-35.117],[150.621,-35.106],[150.587,-35.088],[150.549,-35.103],[150.569,-35.113],[150.545,-35.123],[150.599,-35.127],[150.586,-35.138],[150.605,-35.156],[150.597,-35.19],[150.541,-35.216],[150.53,-35.235],[150.545,-35.248],[150.478,-35.292],[150.472,-35.317],[150.487,-35.325],[150.475,-35.357],[150.492,-35.366],[150.452,-35.39],[150.393,-35.465],[150.406,-35.534],[150.323,-35.614],[150.326,-35.637],[150.299,-35.647],[150.307,-35.686],[150.277,-35.724],[150.234,-35.703],[150.177,-35.703],[150.214,-35.738],[150.237,-35.802],[150.224,-35.809],[150.235,-35.836],[150.187,-35.833],[150.178,-35.85],[150.191,-35.861],[150.169,-35.863],[150.15,-35.891],[150.165,-36.013],[150.134,-36.066],[150.142,-36.094],[150.124,-36.142],[150.149,-36.267],[150.131,-36.289],[150.14,-36.305],[150.067,-36.399],[150.085,-36.429],[150.055,-36.488],[150.068,-36.554],[149.983,-36.702],[149.979,-36.722],[149.992,-36.726],[149.977,-36.77],[149.941,-36.812],[149.934,-36.844],[149.95,-36.855],[149.93,-36.874],[149.938,-36.902],[149.92,-36.895],[149.905,-36.915],[149.913,-36.945],[149.946,-36.949],[149.927,-36.992],[149.948,-37.018],[149.945,-37.054],[149.923,-37.046],[149.915,-37.076],[149.873,-37.083],[149.878,-37.101],[149.911,-37.112],[149.954,-37.101],[149.988,-37.141],[150.005,-37.141],[150.023,-37.212],[150.011,-37.212],[150.052,-37.262],[149.987,-37.24],[149.944,-37.278],[149.97,-37.31],[149.95,-37.375],[149.957,-37.424],[149.975,-37.445],[149.977,-37.505],[148.195,-36.796],[148.109,-36.801],[148.098,-36.787],[148.133,-36.751],[148.131,-36.735],[148.17,-36.713],[148.211,-36.651],[148.22,-36.62],[148.203,-36.612],[148.218,-36.598],[148.19,-36.577],[148.161,-36.58],[148.15,-36.558],[148.133,-36.567],[148.125,-36.465],[148.088,-36.452],[148.08,-36.422],[148.038,-36.39],[148.059,-36.32],[148.035,-36.311],[148.026,-36.223],[148.041,-36.207],[148.022,-36.176],[148.038,-36.141],[148.002,-36.14],[147.991,-36.121],[147.999,-36.099],[147.98,-36.086],[148.0,-36.046],[147.934,-36.048],[147.911,-36.027],[147.912,-35.995],[147.883,-36.002],[147.806,-35.965],[147.777,-35.969],[147.708,-35.929],[147.647,-35.946],[147.601,-35.979],[147.549,-35.965],[147.548,-35.979],[147.584,-35.985],[147.552,-36.004],[147.521,-35.987],[147.525,-35.963],[147.494,-35.944],[147.464,-35.944],[147.451,-35.961],[147.405,-35.943],[147.32,-36.061],[147.285,-36.039],[147.206,-36.05],[147.164,-36.031],[147.144,-36.038],[147.123,-35.994],[147.098,-36.01],[147.095,-36.053],[147.062,-36.066],[147.053,-36.108],[147.034,-36.115],[147.007,-36.084],[146.981,-36.095],[146.957,-36.078],[146.944,-36.116],[146.927,-36.097],[146.908,-36.111],[146.907,-36.085],[146.881,-36.088],[146.873,-36.074],[146.825,-36.089],[146.804,-36.055],[146.75,-36.061],[146.753,-36.042],[146.73,-36.045],[146.732,-36.024],[146.686,-36.041],[146.68,-36.022],[146.656,-36.026],[146.651,-36.008],[146.614,-35.996],[146.613,-35.973],[146.56,-35.976],[146.55,-35.992],[146.503,-35.958],[146.5,-35.991],[146.467,-35.984],[146.455,-35.962],[146.445,-35.978],[146.422,-35.966],[146.369,-36.051],[146.339,-36.026],[146.329,-36.043],[146.283,-36.041],[146.293,-36.03],[146.283,-36.011],[146.273,-36.027],[146.257,-36.012],[146.186,-36.042],[146.173,-36.019],[146.131,-36.019],[146.135,-36.003],[146.119,-36.018],[146.091,-36.009],[146.092,-36.021],[146.031,-35.995],[145.972,-36.016],[145.946,-35.984],[145.954,-35.962],[145.928,-35.974],[145.903,-35.969],[145.903,-35.952],[145.854,-35.96],[145.859,-35.975],[145.812,-35.992],[145.778,-35.96],[145.717,-35.951],[145.726,-35.942],[145.697,-35.937],[145.698,-35.921],[145.674,-35.926],[145.679,-35.917],[145.62,-35.884],[145.626,-35.863],[145.601,-35.875],[145.593,-35.849],[145.558,-35.828],[145.563,-35.813],[145.539,-35.822],[145.535,-35.802],[145.523,-35.818],[145.472,-35.809],[145.442,-35.836],[145.413,-35.831],[145.411,-35.849],[145.355,-35.867],[145.324,-35.851],[145.258,-35.851],[145.246,-35.83],[145.153,-35.843],[145.159,-35.831],[145.114,-35.821],[144.968,-35.866],[144.975,-35.884],[144.949,-35.932],[144.957,-35.961],[144.931,-35.968],[144.924,-35.989],[144.962,-36.018],[144.982,-36.072],[144.948,-36.083],[144.933,-36.067],[144.863,-36.059],[144.842,-36.101],[144.81,-36.102],[144.808,-36.124],[144.777,-36.13],[144.772,-36.116],[144.717,-36.112],[144.726,-36.089],[144.684,-36.095],[144.689,-36.061],[144.655,-36.075],[144.653,-36.053],[144.633,-36.048],[144.618,-36.077],[144.615,-36.032],[144.583,-36.038],[144.563,-36.008],[144.516,-35.995],[144.521,-35.97],[144.501,-35.971],[144.502,-35.958],[144.494,-35.969],[144.467,-35.934],[144.447,-35.936],[144.417,-35.91],[144.424,-35.9],[144.408,-35.904],[144.411,-35.859],[144.381,-35.852],[144.372,-35.832],[144.384,-35.82],[144.365,-35.821],[144.377,-35.793],[144.362,-35.796],[144.349,-35.767],[144.295,-35.754],[144.296,-35.737],[144.264,-35.751],[144.248,-35.721],[144.216,-35.706],[144.213,-35.687],[144.162,-35.672],[144.153,-35.643],[144.131,-35.641],[144.105,-35.591],[144.062,-35.577],[144.039,-35.549],[144.01,-35.563],[143.99,-35.555],[143.997,-35.536],[143.974,-35.532],[143.97,-35.5],[143.933,-35.507],[143.859,-35.48],[143.855,-35.462],[143.813,-35.446],[143.818,-35.438],[143.763,-35.423],[143.769,-35.402],[143.751,-35.388],[143.709,-35.393],[143.685,-35.368],[143.642,-35.401],[143.633,-35.383],[143.62,-35.388],[143.598,-35.352],[143.562,-35.337],[143.591,-35.282],[143.564,-35.244],[143.581,-35.22],[143.571,-35.207],[143.471,-35.219],[143.449,-35.189],[143.395,-35.192],[143.382,-35.173],[143.391,-35.145],[143.341,-35.096],[143.339,-35.068],[143.351,-35.065],[143.322,-35.037],[143.336,-35.037],[143.338,-35.011],[143.319,-34.993],[143.318,-34.953],[143.343,-34.933],[143.321,-34.888],[143.353,-34.858],[143.355,-34.846],[143.341,-34.846],[143.36,-34.817],[143.348,-34.792],[143.309,-34.78],[143.277,-34.792],[143.273,-34.776],[143.252,-34.773],[143.274,-34.753],[143.249,-34.758],[143.241,-34.745],[143.224,-34.759],[143.219,-34.729],[143.2,-34.733],[143.181,-34.709],[143.165,-34.718],[143.162,-34.698],[143.147,-34.715],[143.118,-34.703],[143.128,-34.693],[143.107,-34.701],[143.121,-34.687],[143.113,-34.681],[143.093,-34.701],[143.071,-34.678],[143.055,-34.699],[143.04,-34.686],[143.039,-34.703],[143.033,-34.683],[143.01,-34.694],[143.017,-34.674],[142.989,-34.663],[142.973,-34.695],[142.959,-34.665],[142.924,-34.648],[142.887,-34.68],[142.861,-34.665],[142.872,-34.65],[142.855,-34.64],[142.868,-34.627],[142.841,-34.626],[142.823,-34.6],[142.805,-34.608],[142.81,-34.589],[142.788,-34.59],[142.81,-34.561],[142.791,-34.546],[142.77,-34.569],[142.784,-34.58],[142.748,-34.577],[142.759,-34.6],[142.7,-34.599],[142.704,-34.614],[142.69,-34.618],[142.709,-34.623],[142.689,-34.653],[142.711,-34.676],[142.679,-34.681],[142.699,-34.724],[142.679,-34.722],[142.679,-34.739],[142.661,-34.722],[142.618,-34.729],[142.62,-34.757],[142.646,-34.763],[142.639,-34.78],[142.524,-34.759],[142.5,-34.739],[142.519,-34.704],[142.499,-34.7],[142.514,-34.691],[142.497,-34.669],[142.472,-34.667],[142.484,-34.636],[142.452,-34.633],[142.468,-34.613],[142.468,-34.564],[142.449,-34.559],[142.452,-34.584],[142.426,-34.562],[142.408,-34.568],[142.406,-34.542],[142.39,-34.549],[142.368,-34.53],[142.401,-34.523],[142.375,-34.515],[142.395,-34.493],[142.36,-34.499],[142.384,-34.478],[142.353,-34.47],[142.368,-34.435],[142.351,-34.397],[142.374,-34.388],[142.378,-34.365],[142.364,-34.362],[142.39,-34.363],[142.397,-34.338],[142.284,-34.327],[142.299,-34.306],[142.286,-34.297],[142.236,-34.307],[142.249,-34.285],[142.232,-34.255],[142.244,-34.211],[142.233,-34.214],[142.221,-34.182],[142.167,-34.183],[142.167,-34.153],[142.148,-34.149],[142.12,-34.157],[142.12,-34.175],[142.083,-34.174],[142.065,-34.151],[142.076,-34.131],[142.028,-34.123],[142.038,-34.099],[142.013,-34.105],[142.022,-34.125],[141.978,-34.113],[141.97,-34.136],[141.945,-34.119],[141.934,-34.138],[141.923,-34.115],[141.904,-34.111],[141.885,-34.115],[141.877,-34.137],[141.777,-34.117],[141.778,-34.102],[141.757,-34.112],[141.762,-34.098],[141.731,-34.091],[141.719,-34.115],[141.708,-34.096],[141.677,-34.101],[141.633,-34.121],[141.628,-34.145],[141.612,-34.139],[141.619,-34.156],[141.584,-34.152],[141.603,-34.162],[141.589,-34.177],[141.603,-34.191],[141.534,-34.191],[141.534,-34.211],[141.51,-34.216],[141.519,-34.181],[141.497,-34.156],[141.445,-34.168],[141.434,-34.146],[141.407,-34.146],[141.408,-34.128],[141.388,-34.135],[141.359,-34.111],[141.325,-34.139],[141.317,-34.112],[141.26,-34.078],[141.243,-34.087],[141.242,-34.061],[141.228,-34.074],[141.206,-34.062],[141.185,-34.092],[141.175,-34.073],[141.154,-34.082],[141.153,-34.055],[141.12,-34.065],[141.094,-34.051],[141.089,-34.077],[141.066,-34.05],[141.042,-34.061],[141.036,-34.036],[141.024,-34.06],[141.002,-34.039],[141.012,-34.025],[140.999,-28.999],[148.958,-28.999],[149.009,-28.957],[149.033,-28.956],[149.081,-28.842],[149.128,-28.835],[149.14,-28.807],[149.179,-28.803],[149.189,-28.775],[149.225,-28.764],[149.247,-28.739],[149.269,-28.743],[149.297,-28.71],[149.318,-28.714],[149.359,-28.684],[149.387,-28.696],[149.453,-28.595],[149.503,-28.574],[149.588,-28.573],[149.611,-28.601],[149.661,-28.609],[149.667,-28.632],[149.703,-28.634],[149.721,-28.609],[149.977,-28.613],[150.016,-28.581],[150.08,-28.584],[150.092,-28.564],[150.139,-28.565],[150.152,-28.55],[150.212,-28.574],[150.29,-28.537],[150.351,-28.575],[150.37,-28.621],[150.414,-28.634],[150.415,-28.651],[150.446,-28.665],[150.525,-28.654],[150.544,-28.672],[150.554,-28.653],[150.633,-28.677],[150.673,-28.65],[150.682,-28.661],[150.752,-28.633],[150.874,-28.694],[150.906,-28.688],[150.938,-28.731],[151.011,-28.741],[151.028,-28.761],[151.025,-28.793],[151.042,-28.799],[151.045,-28.844],[151.103,-28.836],[151.275,-28.939],[151.284,-29.006],[151.271,-29.03],[151.289,-29.05],[151.28,-29.101],[151.315,-29.134],[151.315,-29.166],[151.394,-29.178],[151.502,-29.071],[151.498,-29.02],[151.546,-28.953],[151.61,-28.923],[151.635,-28.929],[151.707,-28.872],[151.734,-28.872],[151.743,-28.919],[151.778,-28.96],[151.806,-28.945],[151.832,-28.96],[151.849,-28.908],[151.916,-28.929],[151.998,-28.895],[152.01,-28.908],[152.038,-28.865],[152.037,-28.852],[152.015,-28.851],[152.037,-28.819],[152.043,-28.732],[152.076,-28.708],[152.066,-28.681],[152.01,-28.665],[151.986,-28.581],[151.958,-28.563],[151.956,-28.519],[151.983,-28.503],[151.989,-28.526],[152.017,-28.525],[152.07,-28.468],[152.121,-28.463],[152.161,-28.433],[152.217,-28.449],[152.31,-28.363],[152.386,-28.369],[152.417,-28.333],[152.415,-28.298],[152.445,-28.299],[152.464,-28.259],[152.509,-28.249],[152.534,-28.263],[152.526,-28.306],[152.579,-28.339],[152.615,-28.27],[152.638,-28.311],[152.667,-28.312],[152.751,-28.364],[152.775,-28.347],[152.804,-28.354],[152.831,-28.32],[152.88,-28.31],[152.934,-28.338],[153.046,-28.339],[153.109,-28.358],[153.125,-28.319],[153.169,-28.294],[153.161,-28.28],[153.178,-28.248],[153.232,-28.265],[153.279,-28.234],[153.361,-28.248],[153.477,-28.157],[153.535,-28.178],[153.542,-28.169],[153.556,-28.168],[153.544,-28.17],[153.546,-28.185],[153.542,-28.178],[153.509,-28.19],[153.495,-28.22],[153.519,-28.222],[153.517,-28.194],[153.538,-28.184],[153.562,-28.208],[153.541,-28.243],[153.555,-28.236],[153.565,-28.205],[153.556,-28.17],[153.571,-28.199],[153.569,-28.238],[153.586,-28.258],[153.553,-28.531],[153.591,-28.625],[153.618,-28.642],[153.639,-28.636],[153.596,-28.775],[153.609,-28.843],[153.592,-28.876],[153.577,-28.868],[153.575,-28.84],[153.563,-28.847],[153.577,-28.87],[153.527,-28.873],[153.59,-28.878],[153.464,-29.019],[153.433,-29.101],[153.457,-29.14],[153.344,-29.297],[153.344,-29.344],[153.377,-29.366],[153.363,-29.525],[153.332,-29.587],[153.343,-29.608],[153.321,-29.661],[153.334,-29.675],[153.292,-29.754],[153.304,-29.775],[153.268,-29.865],[153.277,-29.893],[153.26,-29.952],[153.197,-30.041],[153.2,-30.104],[153.214,-30.11],[153.207,-30.156],[153.14,-30.256],[153.14,-30.3],[153.155,-30.305],[153.113,-30.341],[153.032,-30.499],[153.01,-30.608],[153.02,-30.648],[152.997,-30.679],[152.988,-30.732],[153.014,-30.861],[153.037,-30.882],[153.075,-30.878],[153.089,-30.911],[153.039,-31.003],[153.041,-31.041],[153.065,-31.057],[152.977,-31.171],[152.984,-31.187],[152.96,-31.242],[152.976,-31.314],[152.915,-31.409],[152.938,-31.476],[152.845,-31.573],[152.834,-31.632],[152.85,-31.641],[152.805,-31.682],[152.793,-31.711],[152.806,-31.73],[152.736,-31.811],[152.737,-31.837],[152.755,-31.845],[152.609,-31.947],[152.548,-32.028],[152.548,-32.074],[152.513,-32.117],[152.509,-32.172],[152.571,-32.216],[152.524,-32.294],[152.523,-32.312],[152.552,-32.335],[152.516,-32.409],[152.54,-32.443],[152.336,-32.527],[152.285,-32.595],[152.196,-32.648],[152.187,-32.685],[152.205,-32.701],[152.173,-32.678],[152.129,-32.686],[152.138,-32.671],[152.122,-32.658],[152.114,-32.681],[152.069,-32.69],[152.05,-32.677],[152.061,-32.65],[152.043,-32.68],[152.03,-32.664],[151.994,-32.669],[151.968,-32.654],[151.945,-32.677],[151.96,-32.697],[151.978,-32.688],[151.978,-32.706],[151.944,-32.717],[151.936,-32.737],[151.988,-32.719],[152.049,-32.729],[152.059,-32.716],[152.07,-32.736],[152.064,-32.698],[152.091,-32.728],[152.188,-32.712],[152.187,-32.741],[152.171,-32.744],[152.173,-32.762],[152.122,-32.769],[152.116,-32.793],[152.053,-32.785],[151.885,-32.838],[151.801,-32.885],[151.787,-32.92],[151.778,-32.911],[151.794,-32.883],[151.775,-32.902],[151.775,-32.89],[151.734,-32.878],[151.768,-32.895],[151.777,-32.924],[151.761,-32.908],[151.764,-32.924],[151.786,-32.926],[151.804,-32.916],[151.738,-32.963],[151.729,-33.011],[151.669,-33.052],[151.661,-33.084],[151.64,-33.085],[151.65,-33.063],[151.639,-33.055],[151.657,-33.036],[151.628,-33.015],[151.644,-32.975],[151.608,-32.966],[151.621,-32.976],[151.617,-33.006],[151.589,-32.989],[151.584,-32.996],[151.598,-32.997],[151.62,-33.048],[151.594,-33.027],[151.577,-33.033],[151.6,-33.041],[151.6,-33.059],[151.586,-33.047],[151.581,-33.068],[151.611,-33.072],[151.614,-33.082],[151.549,-33.063],[151.51,-33.103],[151.538,-33.105],[151.548,-33.089],[151.569,-33.114],[151.538,-33.115],[151.542,-33.126],[151.51,-33.138],[151.527,-33.139],[151.53,-33.161],[151.541,-33.144],[151.568,-33.175],[151.572,-33.155],[151.553,-33.146],[151.584,-33.123],[151.581,-33.103],[151.597,-33.162],[151.636,-33.069],[151.641,-33.096],[151.666,-33.087],[151.63,-33.154],[151.639,-33.176],[151.567,-33.244],[151.564,-33.272],[151.579,-33.282],[151.503,-33.344],[151.546,-33.278],[151.52,-33.263],[151.558,-33.252],[151.562,-33.237],[151.509,-33.223],[151.519,-33.262],[151.495,-33.264],[151.465,-33.302],[151.442,-33.307],[151.469,-33.328],[151.442,-33.33],[151.449,-33.355],[151.474,-33.366],[151.494,-33.337],[151.504,-33.363],[151.445,-33.435],[151.453,-33.451],[151.435,-33.468],[151.447,-33.486],[151.417,-33.523],[151.345,-33.547],[151.336,-33.522],[151.363,-33.521],[151.348,-33.506],[151.312,-33.53],[151.31,-33.555],[151.274,-33.551],[151.259,-33.571],[151.237,-33.511],[151.266,-33.485],[151.231,-33.507],[151.227,-33.53],[151.198,-33.495],[151.238,-33.476],[151.237,-33.454],[151.232,-33.473],[151.192,-33.489],[151.199,-33.536],[151.182,-33.501],[151.16,-33.511],[151.154,-33.487],[151.172,-33.469],[151.154,-33.455],[151.173,-33.438],[151.166,-33.427],[151.139,-33.47],[151.115,-33.464],[151.097,-33.48],[151.079,-33.445],[151.073,-33.449],[151.069,-33.457],[151.08,-33.449],[151.086,-33.476],[151.103,-33.484],[151.122,-33.467],[151.138,-33.475],[151.156,-33.467],[151.131,-33.491],[151.155,-33.499],[151.154,-33.524],[151.111,-33.507],[151.131,-33.519],[151.126,-33.531],[151.143,-33.53],[151.117,-33.546],[151.145,-33.542],[151.151,-33.562],[151.131,-33.568],[151.12,-33.586],[151.103,-33.588],[151.126,-33.6],[151.123,-33.586],[151.144,-33.587],[151.134,-33.571],[151.162,-33.576],[151.152,-33.551],[151.17,-33.559],[151.149,-33.537],[151.17,-33.539],[151.175,-33.514],[151.199,-33.55],[151.231,-33.539],[151.213,-33.573],[151.231,-33.561],[151.247,-33.579],[151.233,-33.594],[151.186,-33.592],[151.213,-33.608],[151.164,-33.626],[151.149,-33.655],[151.16,-33.66],[151.173,-33.626],[151.219,-33.609],[151.229,-33.618],[151.219,-33.6],[151.257,-33.605],[151.25,-33.588],[151.293,-33.572],[151.311,-33.58],[151.293,-33.605],[151.304,-33.603],[151.303,-33.621],[151.27,-33.632],[151.283,-33.637],[151.27,-33.656],[151.285,-33.644],[151.312,-33.667],[151.305,-33.635],[151.316,-33.614],[151.332,-33.623],[151.316,-33.602],[151.323,-33.579],[151.335,-33.582],[151.325,-33.597],[151.343,-33.625],[151.3,-33.727],[151.318,-33.742],[151.291,-33.747],[151.303,-33.747],[151.288,-33.792],[151.307,-33.807],[151.301,-33.823],[151.282,-33.799],[151.266,-33.798],[151.275,-33.81],[151.261,-33.818],[151.25,-33.8],[151.235,-33.803],[151.231,-33.773],[151.225,-33.784],[151.204,-33.772],[151.213,-33.784],[151.233,-33.787],[151.215,-33.79],[151.231,-33.796],[151.219,-33.819],[151.246,-33.803],[151.253,-33.827],[151.269,-33.827],[151.247,-33.853],[151.233,-33.836],[151.233,-33.849],[151.215,-33.841],[151.219,-33.853],[151.189,-33.833],[151.181,-33.842],[151.182,-33.83]],[[151.145,-33.819],[151.144,-33.803],[151.137,-33.815],[151.145,-33.819]],[[151.293,-33.721],[151.298,-33.704],[151.294,-33.715],[151.281,-33.709],[151.27,-33.715],[151.293,-33.721]],[[151.697,-32.844],[151.696,-32.833],[151.747,-32.854],[151.774,-32.856],[151.784,-32.884],[151.819,-32.831],[151.784,-32.82],[151.757,-32.853],[151.685,-32.824],[151.697,-32.844]],[[151.701,-32.852],[151.712,-32.871],[151.733,-32.88],[151.701,-32.852]],[[151.586,-33.208],[151.557,-33.197],[151.554,-33.228],[151.569,-33.233],[151.586,-33.208]],[[151.455,-33.418],[151.444,-33.423],[151.448,-33.43],[151.455,-33.418]],[[151.436,-33.457],[151.423,-33.46],[151.426,-33.471],[151.436,-33.457]],[[151.383,-33.472],[151.365,-33.477],[151.373,-33.491],[151.353,-33.489],[151.336,-33.474],[151.36,-33.469],[151.369,-33.439],[151.342,-33.451],[151.339,-33.43],[151.318,-33.431],[151.332,-33.436],[151.313,-33.461],[151.337,-33.484],[151.334,-33.502],[151.352,-33.502],[151.341,-33.489],[151.377,-33.5],[151.383,-33.472]],[[151.305,-33.482],[151.324,-33.483],[151.307,-33.468],[151.305,-33.482]],[[151.053,-33.991],[151.033,-33.993],[151.066,-33.992],[151.04,-34.005],[151.049,-34.021],[151.06,-33.998],[151.089,-33.997],[151.078,-34.013],[151.116,-33.997],[151.072,-33.994],[151.075,-33.984],[151.054,-33.985],[151.062,-33.975],[151.049,-33.98],[151.053,-33.991]],[[151.015,-33.983],[151.047,-33.971],[151.045,-33.948],[151.044,-33.97],[151.025,-33.977],[151.023,-33.964],[151.015,-33.983]],[[149.399,-35.319],[149.395,-35.303],[149.362,-35.309],[149.315,-35.276],[149.272,-35.274],[149.273,-35.259],[149.235,-35.243],[149.239,-35.222],[149.205,-35.23],[149.189,-35.166],[149.121,-35.125],[148.808,-35.31],[148.793,-35.339],[148.809,-35.382],[148.786,-35.409],[148.763,-35.496],[148.789,-35.588],[148.768,-35.603],[148.783,-35.628],[148.767,-35.647],[148.798,-35.666],[148.791,-35.703],[148.856,-35.761],[148.887,-35.719],[148.903,-35.758],[148.887,-35.81],[148.909,-35.853],[148.959,-35.895],[149.012,-35.9],[149.049,-35.92],[149.064,-35.875],[149.096,-35.846],[149.091,-35.766],[149.109,-35.697],[149.078,-35.586],[149.143,-35.593],[149.131,-35.554],[149.151,-35.507],[149.136,-35.454],[149.155,-35.437],[149.139,-35.433],[149.147,-35.415],[149.208,-35.345],[149.255,-35.33],[149.352,-35.351],[149.399,-35.319]]],[[[152.329,-32.617],[152.312,-32.627],[152.305,-32.607],[152.329,-32.617]]],[[[152.229,-32.687],[152.224,-32.692],[152.223,-32.684],[152.229,-32.687]]],[[[152.204,-32.748],[152.185,-32.75],[152.193,-32.74],[152.204,-32.748]]],[[[151.982,-32.671],[151.98,-32.678],[151.974,-32.665],[151.982,-32.671]]],[[[151.975,-32.68],[151.966,-32.674],[151.97,-32.668],[151.975,-32.68]]],[[[150.421,-35.531],[150.411,-35.53],[150.421,-35.526],[150.421,-35.531]]],[[[150.224,-36.244],[150.229,-36.259],[150.223,-36.256],[150.224,-36.244]]]]}},{"type":"Feature","properties":{"state":"VIC","name":"Victoria"},"geometry":{"type":"MultiPolygon","coordinates":[[[[145.132,-38.391],[145.05,-38.43],[145.025,-38.475],[145.032,-38.486],[144.887,-38.499],[144.887,-38.477],[144.839,-38.43],[144.652,-38.304],[144.734,-38.322],[144.767,-38.356],[144.815,-38.369],[144.923,-38.349],[144.988,-38.317],[144.983,-38.296],[145.026,-38.253],[145.032,-38.213],[145.118,-38.146],[145.126,-38.072],[145.1,-38.027],[145.062,-37.991],[145.038,-37.996],[145.018,-37.982],[144.97,-37.861],[144.897,-37.843],[144.916,-37.866],[144.904,-37.873],[144.869,-37.859],[144.814,-37.875],[144.799,-37.923],[144.736,-37.943],[144.652,-38.002],[144.592,-38.005],[144.559,-38.038],[144.516,-38.046],[144.507,-38.092],[144.464,-38.077],[144.445,-38.092],[144.398,-38.074],[144.362,-38.105],[144.365,-38.145],[144.417,-38.155],[144.426,-38.124],[144.478,-38.164],[144.558,-38.155],[144.631,-38.107],[144.692,-38.12],[144.72,-38.147],[144.706,-38.21],[144.696,-38.22],[144.703,-38.202],[144.687,-38.197],[144.623,-38.251],[144.633,-38.27],[144.672,-38.265],[144.62,-38.276],[144.614,-38.292],[144.539,-38.272],[144.508,-38.275],[144.5,-38.29],[144.429,-38.282],[144.332,-38.323],[144.254,-38.395],[144.134,-38.435],[144.105,-38.469],[144.036,-38.476],[143.98,-38.532],[143.974,-38.565],[143.923,-38.593],[143.837,-38.693],[143.682,-38.737],[143.666,-38.779],[143.616,-38.796],[143.554,-38.856],[143.511,-38.858],[143.429,-38.783],[143.357,-38.754],[143.233,-38.766],[143.081,-38.651],[143.015,-38.624],[142.937,-38.627],[142.858,-38.605],[142.563,-38.422],[142.492,-38.394],[142.472,-38.404],[142.373,-38.349],[142.262,-38.365],[142.245,-38.396],[142.146,-38.391],[141.93,-38.278],[141.742,-38.253],[141.68,-38.268],[141.602,-38.313],[141.65,-38.393],[141.628,-38.393],[141.626,-38.406],[141.573,-38.39],[141.543,-38.433],[141.521,-38.415],[141.519,-38.39],[141.461,-38.362],[141.407,-38.369],[141.413,-38.396],[141.374,-38.387],[141.366,-38.365],[141.398,-38.339],[141.392,-38.32],[141.295,-38.221],[141.15,-38.127],[140.966,-38.056],[140.964,-33.981],[140.988,-34.031],[141.012,-34.025],[141.002,-34.039],[141.023,-34.06],[141.034,-34.036],[141.042,-34.061],[141.066,-34.05],[141.089,-34.077],[141.094,-34.051],[141.12,-34.065],[141.153,-34.055],[141.154,-34.082],[141.175,-34.073],[141.186,-34.092],[141.206,-34.062],[141.228,-34.074],[141.242,-34.061],[141.243,-34.087],[141.26,-34.078],[141.317,-34.112],[141.325,-34.139],[141.359,-34.111],[141.388,-34.135],[141.408,-34.128],[141.407,-34.146],[141.434,-34.146],[141.445,-34.168],[141.495,-34.155],[141.519,-34.181],[141.51,-34.216],[141.534,-34.211],[141.534,-34.191],[141.603,-34.191],[141.589,-34.177],[141.603,-34.162],[141.584,-34.151],[141.619,-34.156],[141.612,-34.139],[141.628,-34.145],[141.633,-34.121],[141.677,-34.101],[141.707,-34.096],[141.72,-34.115],[141.73,-34.091],[141.762,-34.098],[141.757,-34.112],[141.778,-34.102],[141.777,-34.117],[141.877,-34.137],[141.901,-34.111],[141.923,-34.115],[141.933,-34.138],[141.945,-34.119],[141.97,-34.136],[141.978,-34.113],[142.021,-34.125],[142.013,-34.105],[142.037,-34.099],[142.028,-34.123],[142.076,-34.131],[142.065,-34.151],[142.083,-34.174],[142.12,-34.175],[142.12,-34.157],[142.166,-34.152],[142.166,-34.183],[142.219,-34.181],[142.233,-34.214],[142.244,-34.21],[142.232,-34.255],[142.249,-34.285],[142.236,-34.307],[142.286,-34.297],[142.299,-34.306],[142.284,-34.327],[142.397,-34.338],[142.39,-34.363],[142.364,-34.362],[142.378,-34.365],[142.374,-34.388],[142.351,-34.397],[142.368,-34.435],[142.353,-34.47],[142.384,-34.478],[142.36,-34.499],[142.395,-34.493],[142.375,-34.515],[142.401,-34.523],[142.368,-34.53],[142.39,-34.549],[142.406,-34.542],[142.408,-34.568],[142.426,-34.562],[142.452,-34.584],[142.449,-34.559],[142.468,-34.564],[142.468,-34.613],[142.452,-34.634],[142.483,-34.636],[142.473,-34.67],[142.497,-34.669],[142.514,-34.691],[142.499,-34.7],[142.519,-34.704],[142.5,-34.739],[142.557,-34.775],[142.632,-34.784],[142.646,-34.763],[142.62,-34.757],[142.618,-34.729],[142.661,-34.722],[142.679,-34.739],[142.679,-34.722],[142.699,-34.725],[142.679,-34.68],[142.71,-34.677],[142.689,-34.652],[142.709,-34.622],[142.689,-34.617],[142.723,-34.592],[142.762,-34.598],[142.748,-34.577],[142.784,-34.58],[142.77,-34.569],[142.791,-34.546],[142.81,-34.561],[142.788,-34.59],[142.81,-34.589],[142.805,-34.608],[142.823,-34.6],[142.841,-34.626],[142.868,-34.627],[142.855,-34.64],[142.872,-34.65],[142.861,-34.665],[142.887,-34.68],[142.924,-34.648],[142.959,-34.665],[142.973,-34.695],[142.989,-34.663],[143.017,-34.674],[143.01,-34.694],[143.033,-34.683],[143.039,-34.703],[143.04,-34.686],[143.055,-34.699],[143.071,-34.678],[143.093,-34.701],[143.113,-34.681],[143.121,-34.687],[143.107,-34.701],[143.128,-34.693],[143.118,-34.703],[143.147,-34.715],[143.162,-34.698],[143.165,-34.718],[143.181,-34.709],[143.2,-34.733],[143.219,-34.729],[143.224,-34.759],[143.241,-34.745],[143.249,-34.758],[143.274,-34.753],[143.252,-34.773],[143.273,-34.776],[143.277,-34.792],[143.309,-34.78],[143.348,-34.792],[143.36,-34.817],[143.341,-34.846],[143.355,-34.846],[143.353,-34.858],[143.321,-34.888],[143.343,-34.933],[143.318,-34.953],[143.319,-34.993],[143.338,-35.011],[143.336,-35.037],[143.322,-35.037],[143.351,-35.065],[143.339,-35.068],[143.341,-35.096],[143.391,-35.145],[143.382,-35.173],[143.395,-35.192],[143.449,-35.189],[143.471,-35.219],[143.571,-35.207],[143.581,-35.22],[143.564,-35.244],[143.591,-35.282],[143.562,-35.337],[143.598,-35.352],[143.62,-35.388],[143.633,-35.383],[143.642,-35.401],[143.685,-35.368],[143.709,-35.393],[143.751,-35.388],[143.769,-35.402],[143.763,-35.423],[143.818,-35.438],[143.813,-35.446],[143.855,-35.462],[143.859,-35.48],[143.933,-35.507],[143.97,-35.5],[143.974,-35.532],[143.997,-35.536],[143.99,-35.555],[144.01,-35.563],[144.039,-35.549],[144.062,-35.577],[144.105,-35.591],[144.131,-35.641],[144.153,-35.643],[144.162,-35.672],[144.213,-35.687],[144.216,-35.706],[144.248,-35.721],[144.264,-35.751],[144.296,-35.737],[144.295,-35.754],[144.349,-35.767],[144.362,-35.796],[144.377,-35.793],[144.365,-35.821],[144.384,-35.82],[144.372,-35.832],[144.381,-35.852],[144.411,-35.859],[144.408,-35.904],[144.424,-35.9],[144.417,-35.91],[144.447,-35.936],[144.467,-35.934],[144.494,-35.969],[144.502,-35.958],[144.501,-35.971],[144.521,-35.97],[144.516,-35.995],[144.563,-36.008],[144.591,-36.043],[144.615,-36.032],[144.618,-36.077],[144.633,-36.048],[144.653,-36.053],[144.655,-36.075],[144.689,-36.061],[144.684,-36.095],[144.726,-36.089],[144.726,-36.118],[144.741,-36.108],[144.777,-36.13],[144.808,-36.124],[144.81,-36.102],[144.842,-36.101],[144.863,-36.059],[144.933,-36.067],[144.948,-36.083],[144.982,-36.072],[144.962,-36.018],[144.924,-35.989],[144.931,-35.968],[144.957,-35.961],[144.949,-35.932],[144.975,-35.884],[144.968,-35.866],[144.992,-35.852],[145.019,-35.857],[145.05,-35.834],[145.128,-35.821],[145.137,-35.834],[145.159,-35.831],[145.153,-35.843],[145.246,-35.83],[145.258,-35.851],[145.324,-35.851],[145.355,-35.867],[145.411,-35.849],[145.413,-35.831],[145.442,-35.836],[145.472,-35.809],[145.523,-35.818],[145.535,-35.802],[145.539,-35.822],[145.563,-35.813],[145.558,-35.828],[145.593,-35.849],[145.601,-35.875],[145.626,-35.863],[145.62,-35.884],[145.679,-35.917],[145.674,-35.926],[145.698,-35.921],[145.697,-35.937],[145.726,-35.942],[145.717,-35.951],[145.778,-35.96],[145.812,-35.992],[145.859,-35.975],[145.854,-35.96],[145.903,-35.952],[145.903,-35.969],[145.928,-35.974],[145.954,-35.962],[145.946,-35.984],[145.972,-36.016],[146.031,-35.995],[146.092,-36.021],[146.091,-36.009],[146.119,-36.018],[146.135,-36.003],[146.131,-36.019],[146.173,-36.019],[146.186,-36.042],[146.257,-36.012],[146.273,-36.027],[146.275,-36.012],[146.283,-36.011],[146.293,-36.03],[146.283,-36.041],[146.329,-36.043],[146.339,-36.026],[146.369,-36.051],[146.422,-35.966],[146.445,-35.978],[146.455,-35.962],[146.467,-35.984],[146.5,-35.991],[146.503,-35.958],[146.55,-35.992],[146.56,-35.976],[146.613,-35.973],[146.614,-35.996],[146.651,-36.008],[146.656,-36.026],[146.68,-36.022],[146.686,-36.041],[146.732,-36.024],[146.73,-36.045],[146.753,-36.042],[146.75,-36.061],[146.804,-36.055],[146.825,-36.089],[146.873,-36.074],[146.881,-36.088],[146.907,-36.085],[146.908,-36.111],[146.927,-36.097],[146.944,-36.116],[146.957,-36.078],[146.981,-36.095],[147.007,-36.084],[147.034,-36.115],[147.053,-36.108],[147.062,-36.066],[147.095,-36.053],[147.098,-36.01],[147.123,-35.994],[147.144,-36.038],[147.164,-36.031],[147.206,-36.05],[147.285,-36.039],[147.32,-36.061],[147.405,-35.943],[147.451,-35.961],[147.464,-35.944],[147.494,-35.944],[147.525,-35.963],[147.521,-35.987],[147.552,-36.004],[147.584,-35.985],[147.548,-35.979],[147.549,-35.965],[147.601,-35.979],[147.647,-35.946],[147.708,-35.929],[147.777,-35.969],[147.806,-35.965],[147.883,-36.002],[147.912,-35.995],[147.924,-36.042],[148.0,-36.046],[147.98,-36.086],[147.999,-36.099],[147.991,-36.121],[148.002,-36.14],[148.038,-36.141],[148.022,-36.176],[148.041,-36.207],[148.026,-36.223],[148.035,-36.311],[148.059,-36.32],[148.038,-36.39],[148.08,-36.422],[148.088,-36.452],[148.125,-36.465],[148.133,-36.567],[148.15,-36.558],[148.161,-36.58],[148.19,-36.577],[148.218,-36.598],[148.203,-36.612],[148.22,-36.62],[148.211,-36.651],[148.17,-36.713],[148.131,-36.735],[148.133,-36.751],[148.098,-36.787],[148.109,-36.801],[148.195,-36.796],[149.977,-37.505],[149.907,-37.543],[149.775,-37.558],[149.739,-37.585],[149.677,-37.685],[149.617,-37.701],[149.596,-37.727],[149.526,-37.737],[149.485,-37.775],[149.34,-37.777],[149.275,-37.804],[149.247,-37.78],[149.124,-37.777],[148.809,-37.786],[148.749,-37.797],[148.728,-37.815],[148.691,-37.801],[148.29,-37.811],[147.952,-37.894],[147.788,-37.955],[147.476,-38.152],[146.883,-38.635],[146.926,-38.594],[146.886,-38.614],[146.844,-38.605],[146.878,-38.626],[146.815,-38.649],[146.792,-38.633],[146.742,-38.665],[146.713,-38.648],[146.698,-38.675],[146.658,-38.671],[146.671,-38.663],[146.653,-38.643],[146.641,-38.669],[146.584,-38.677],[146.583,-38.698],[146.58,-38.679],[146.577,-38.692],[146.572,-38.678],[146.547,-38.685],[146.567,-38.691],[146.553,-38.689],[146.551,-38.704],[146.541,-38.685],[146.515,-38.694],[146.495,-38.68],[146.493,-38.697],[146.437,-38.694],[146.411,-38.721],[146.387,-38.721],[146.381,-38.686],[146.351,-38.673],[146.332,-38.681],[146.339,-38.691],[146.212,-38.693],[146.229,-38.701],[146.192,-38.726],[146.211,-38.738],[146.193,-38.729],[146.186,-38.743],[146.218,-38.772],[146.233,-38.809],[146.273,-38.806],[146.27,-38.86],[146.293,-38.876],[146.293,-38.905],[146.323,-38.904],[146.353,-38.868],[146.415,-38.852],[146.438,-38.779],[146.479,-38.792],[146.468,-38.871],[146.489,-38.91],[146.451,-38.948],[146.436,-38.981],[146.446,-39.004],[146.432,-39.011],[146.475,-39.026],[146.46,-39.037],[146.483,-39.061],[146.431,-39.066],[146.425,-39.084],[146.442,-39.09],[146.427,-39.13],[146.346,-39.125],[146.321,-39.078],[146.352,-39.059],[146.317,-39.052],[146.326,-39.041],[146.284,-39.025],[146.292,-39.013],[146.274,-38.996],[146.249,-38.996],[146.267,-38.991],[146.269,-38.973],[146.234,-38.919],[146.134,-38.837],[146.034,-38.813],[145.998,-38.846],[146.006,-38.878],[145.921,-38.91],[145.87,-38.776],[145.766,-38.667],[145.714,-38.645],[145.657,-38.677],[145.607,-38.679],[145.561,-38.651],[145.484,-38.556],[145.372,-38.536],[145.363,-38.521],[145.419,-38.513],[145.434,-38.494],[145.418,-38.471],[145.434,-38.435],[145.416,-38.407],[145.515,-38.415],[145.549,-38.372],[145.545,-38.34],[145.515,-38.338],[145.522,-38.299],[145.498,-38.274],[145.489,-38.233],[145.438,-38.214],[145.411,-38.228],[145.347,-38.214],[145.325,-38.242],[145.298,-38.248],[145.255,-38.223],[145.262,-38.242],[145.226,-38.272],[145.223,-38.306],[145.193,-38.297],[145.222,-38.378],[145.184,-38.375],[145.215,-38.383],[145.234,-38.41],[145.132,-38.391]],[[146.841,-38.616],[146.825,-38.61],[146.798,-38.62],[146.792,-38.632],[146.841,-38.616]]],[[[149.918,-37.568],[149.906,-37.568],[149.905,-37.548],[149.918,-37.568]]],[[[146.879,-38.638],[146.828,-38.679],[146.858,-38.653],[146.836,-38.654],[146.879,-38.638]]],[[[146.826,-38.683],[146.788,-38.681],[146.753,-38.69],[146.799,-38.676],[146.826,-38.683]]],[[[146.815,-38.659],[146.786,-38.669],[146.794,-38.657],[146.815,-38.659]]],[[[146.739,-38.673],[146.715,-38.684],[146.71,-38.677],[146.728,-38.661],[146.739,-38.673]]],[[[146.716,-38.687],[146.696,-38.691],[146.708,-38.677],[146.716,-38.687]]],[[[146.685,-38.678],[146.683,-38.69],[146.669,-38.684],[146.685,-38.678]]],[[[146.678,-38.708],[146.626,-38.725],[146.601,-38.717],[146.603,-38.727],[146.585,-38.715],[146.618,-38.698],[146.678,-38.708]]],[[[146.669,-38.718],[146.653,-38.727],[146.63,-38.725],[146.669,-38.718]]],[[[146.62,-38.758],[146.545,-38.791],[146.495,-38.775],[146.465,-38.739],[146.51,-38.719],[146.508,-38.737],[146.542,-38.728],[146.5,-38.763],[146.548,-38.757],[146.577,-38.735],[146.62,-38.758]]],[[[146.623,-38.758],[146.668,-38.748],[146.656,-38.755],[146.623,-38.758]]],[[[146.634,-38.697],[146.622,-38.694],[146.627,-38.69],[146.634,-38.697]]],[[[146.502,-38.716],[146.493,-38.725],[146.439,-38.728],[146.451,-38.711],[146.502,-38.716]]],[[[146.33,-39.142],[146.325,-39.147],[146.312,-39.135],[146.33,-39.142]]],[[[146.241,-39.017],[146.241,-39.03],[146.236,-39.022],[146.241,-39.017]]],[[[146.241,-39.089],[146.236,-39.098],[146.222,-39.071],[146.241,-39.089]]],[[[145.503,-38.354],[145.406,-38.373],[145.386,-38.407],[145.353,-38.42],[145.288,-38.396],[145.266,-38.403],[145.297,-38.282],[145.352,-38.311],[145.452,-38.307],[145.503,-38.354]]],[[[145.364,-38.553],[145.351,-38.567],[145.317,-38.524],[145.271,-38.505],[145.24,-38.507],[145.221,-38.53],[145.171,-38.51],[145.116,-38.518],[145.147,-38.503],[145.165,-38.465],[145.2,-38.451],[145.291,-38.45],[145.302,-38.454],[145.273,-38.46],[145.31,-38.461],[145.291,-38.48],[145.306,-38.485],[145.297,-38.506],[145.359,-38.509],[145.341,-38.536],[145.364,-38.553]]],[[[145.346,-38.509],[145.333,-38.499],[145.337,-38.494],[145.346,-38.509]]],[[[144.702,-38.243],[144.668,-38.255],[144.672,-38.264],[144.663,-38.253],[144.679,-38.238],[144.679,-38.251],[144.702,-38.243]]],[[[142.014,-38.413],[141.999,-38.425],[141.993,-38.417],[142.014,-38.413]]]]}},{"type":"Feature","properties":{"state":"QLD","name":"Queensland"},"geometry":{"type":"MultiPolygon","coordinates":[[[[141.664,-15.004],[141.59,-14.857],[141.526,-14.487],[141.602,-14.242],[141.599,-14.102],[141.482,-13.953],[141.467,-13.864],[141.523,-13.572],[141.695,-13.27],[141.68,-13.218],[141.629,-13.159],[141.618,-13.04],[141.583,-12.997],[141.636,-12.909],[141.653,-12.917],[141.74,-12.853],[141.804,-12.68],[141.827,-12.677],[141.818,-12.7],[141.831,-12.686],[141.863,-12.693],[141.878,-12.671],[141.84,-12.668],[141.827,-12.649],[141.886,-12.617],[141.894,-12.594],[141.879,-12.584],[141.82,-12.601],[141.768,-12.566],[141.76,-12.539],[141.709,-12.519],[141.695,-12.557],[141.643,-12.578],[141.626,-12.583],[141.592,-12.559],[141.715,-12.235],[141.735,-12.218],[141.85,-11.984],[141.88,-11.954],[141.909,-11.955],[141.887,-11.985],[141.914,-12.032],[141.922,-12.108],[141.944,-12.149],[141.915,-12.165],[141.948,-12.151],[141.932,-12.071],[141.958,-12.042],[141.994,-12.06],[142.012,-12.039],[141.972,-11.98],[141.943,-11.976],[141.942,-11.946],[141.962,-11.821],[142.002,-11.753],[142.051,-11.555],[142.1,-11.463],[142.12,-11.369],[142.116,-11.225],[142.138,-11.207],[142.157,-11.122],[142.126,-10.981],[142.133,-10.948],[142.194,-10.915],[142.284,-10.918],[142.313,-10.901],[142.315,-10.915],[142.39,-10.826],[142.438,-10.708],[142.498,-10.717],[142.531,-10.688],[142.557,-10.726],[142.581,-10.725],[142.609,-10.749],[142.549,-10.832],[142.517,-10.844],[142.516,-10.909],[142.482,-10.978],[142.543,-10.908],[142.556,-10.913],[142.543,-10.902],[142.558,-10.874],[142.575,-10.87],[142.594,-10.888],[142.589,-10.868],[142.617,-10.892],[142.617,-10.915],[142.604,-10.912],[142.619,-10.916],[142.615,-10.942],[142.668,-10.945],[142.698,-10.978],[142.716,-10.961],[142.786,-11.074],[142.799,-11.157],[142.783,-11.223],[142.794,-11.279],[142.84,-11.319],[142.869,-11.382],[142.833,-11.434],[142.827,-11.477],[142.859,-11.636],[142.856,-11.846],[142.975,-11.933],[143.066,-11.928],[143.098,-11.892],[143.148,-11.919],[143.167,-11.973],[143.213,-11.954],[143.244,-11.969],[143.228,-11.989],[143.217,-11.975],[143.186,-11.991],[143.101,-12.146],[143.079,-12.159],[143.095,-12.173],[143.097,-12.218],[143.079,-12.337],[143.085,-12.348],[143.18,-12.343],[143.23,-12.382],[143.247,-12.379],[143.274,-12.407],[143.272,-12.508],[143.303,-12.552],[143.414,-12.593],[143.419,-12.616],[143.438,-12.612],[143.402,-12.662],[143.403,-12.679],[143.419,-12.682],[143.39,-12.715],[143.358,-12.798],[143.351,-12.899],[143.376,-12.899],[143.391,-12.885],[143.393,-12.898],[143.401,-12.9],[143.405,-12.868],[143.449,-12.849],[143.475,-12.864],[143.544,-12.843],[143.499,-12.95],[143.513,-12.962],[143.515,-13.008],[143.503,-13.11],[143.523,-13.176],[143.516,-13.259],[143.533,-13.341],[143.581,-13.372],[143.598,-13.422],[143.58,-13.486],[143.585,-13.479],[143.58,-13.51],[143.588,-13.532],[143.544,-13.639],[143.55,-13.631],[143.532,-13.755],[143.546,-13.8],[143.591,-13.858],[143.622,-13.968],[143.681,-14.015],[143.704,-14.209],[143.781,-14.399],[143.884,-14.482],[143.948,-14.496],[144.029,-14.481],[144.168,-14.381],[144.197,-14.339],[144.196,-14.261],[144.245,-14.264],[144.282,-14.303],[144.343,-14.308],[144.436,-14.259],[144.491,-14.166],[144.516,-14.167],[144.596,-14.261],[144.581,-14.306],[144.587,-14.361],[144.644,-14.348],[144.651,-14.358],[144.615,-14.431],[144.619,-14.475],[144.665,-14.511],[144.693,-14.567],[144.695,-14.555],[144.774,-14.545],[144.783,-14.594],[144.839,-14.614],[144.91,-14.614],[144.924,-14.663],[144.95,-14.677],[144.956,-14.745],[144.994,-14.752],[144.994,-14.764],[145.004,-14.752],[145.024,-14.795],[145.09,-14.803],[145.135,-14.835],[145.191,-14.843],[145.23,-14.831],[145.22,-14.883],[145.282,-14.955],[145.352,-14.951],[145.354,-14.983],[145.289,-15.042],[145.234,-15.139],[145.238,-15.196],[145.263,-15.251],[145.315,-15.259],[145.339,-15.226],[145.356,-15.277],[145.33,-15.278],[145.286,-15.316],[145.297,-15.343],[145.287,-15.375],[145.247,-15.416],[145.241,-15.46],[145.228,-15.462],[145.262,-15.46],[145.283,-15.499],[145.272,-15.541],[145.323,-15.57],[145.329,-15.601],[145.316,-15.605],[145.313,-15.647],[145.361,-15.72],[145.369,-15.762],[145.352,-15.807],[145.377,-15.839],[145.357,-15.91],[145.414,-15.951],[145.477,-16.076],[145.452,-16.141],[145.44,-16.142],[145.45,-16.143],[145.441,-16.175],[145.445,-16.201],[145.469,-16.211],[145.489,-16.277],[145.448,-16.29],[145.418,-16.338],[145.41,-16.459],[145.469,-16.48],[145.47,-16.514],[145.582,-16.687],[145.671,-16.737],[145.683,-16.776],[145.725,-16.804],[145.775,-16.87],[145.762,-16.898],[145.782,-16.917],[145.779,-16.94],[145.793,-16.911],[145.849,-16.871],[145.87,-16.907],[145.906,-16.897],[145.919,-16.864],[145.958,-16.897],[145.901,-16.982],[145.889,-17.058],[145.949,-17.131],[145.972,-17.242],[146.021,-17.347],[146.073,-17.395],[146.065,-17.459],[146.077,-17.505],[146.052,-17.505],[146.056,-17.521],[146.033,-17.512],[146.028,-17.55],[146.033,-17.525],[146.059,-17.525],[146.068,-17.51],[146.092,-17.562],[146.128,-17.593],[146.113,-17.609],[146.132,-17.601],[146.149,-17.649],[146.113,-17.693],[146.112,-17.772],[146.091,-17.8],[146.12,-17.856],[146.098,-17.897],[146.101,-17.977],[146.074,-17.99],[146.008,-18.121],[146.016,-18.245],[146.103,-18.349],[146.141,-18.364],[146.168,-18.445],[146.2,-18.452],[146.189,-18.46],[146.189,-18.474],[146.213,-18.473],[146.226,-18.498],[146.257,-18.495],[146.338,-18.527],[146.345,-18.559],[146.321,-18.557],[146.334,-18.565],[146.322,-18.578],[146.342,-18.57],[146.339,-18.607],[146.319,-18.646],[146.339,-18.63],[146.273,-18.812],[146.273,-18.86],[146.29,-18.892],[146.454,-19.074],[146.517,-19.1],[146.562,-19.142],[146.678,-19.191],[146.768,-19.185],[146.791,-19.24],[146.82,-19.253],[146.833,-19.244],[146.826,-19.255],[146.836,-19.243],[146.847,-19.255],[146.835,-19.271],[146.883,-19.304],[146.942,-19.295],[146.958,-19.309],[147.022,-19.216],[147.016,-19.182],[147.061,-19.256],[147.061,-19.277],[147.047,-19.275],[147.039,-19.297],[147.126,-19.422],[147.135,-19.407],[147.162,-19.405],[147.247,-19.432],[147.304,-19.408],[147.441,-19.421],[147.455,-19.395],[147.421,-19.322],[147.457,-19.374],[147.487,-19.466],[147.559,-19.551],[147.574,-19.629],[147.615,-19.673],[147.587,-19.725],[147.601,-19.757],[147.671,-19.828],[147.761,-19.841],[147.782,-19.805],[147.745,-19.769],[147.761,-19.727],[147.752,-19.707],[147.824,-19.71],[147.851,-19.739],[147.846,-19.782],[147.865,-19.851],[147.918,-19.908],[147.992,-19.928],[148.026,-19.894],[148.08,-19.882],[148.112,-19.942],[148.165,-19.958],[148.186,-19.944],[148.22,-19.956],[148.239,-19.985],[148.26,-19.977],[148.267,-20.024],[148.259,-20.013],[148.24,-20.022],[148.231,-20.045],[148.284,-20.077],[148.278,-20.1],[148.353,-20.163],[148.435,-20.168],[148.466,-20.138],[148.479,-20.117],[148.444,-20.111],[148.452,-20.059],[148.513,-20.093],[148.563,-20.067],[148.555,-20.114],[148.58,-20.134],[148.57,-20.17],[148.598,-20.166],[148.583,-20.198],[148.599,-20.201],[148.62,-20.177],[148.601,-20.211],[148.63,-20.22],[148.639,-20.171],[148.653,-20.216],[148.678,-20.179],[148.661,-20.217],[148.663,-20.247],[148.679,-20.231],[148.685,-20.241],[148.673,-20.282],[148.709,-20.263],[148.739,-20.282],[148.733,-20.254],[148.753,-20.264],[148.752,-20.236],[148.769,-20.236],[148.778,-20.274],[148.802,-20.278],[148.794,-20.291],[148.766,-20.287],[148.769,-20.3],[148.792,-20.321],[148.816,-20.321],[148.807,-20.343],[148.818,-20.354],[148.826,-20.338],[148.841,-20.352],[148.831,-20.384],[148.816,-20.385],[148.84,-20.392],[148.839,-20.431],[148.88,-20.472],[148.903,-20.467],[148.911,-20.479],[148.884,-20.488],[148.93,-20.534],[148.899,-20.545],[148.885,-20.523],[148.857,-20.528],[148.845,-20.503],[148.821,-20.497],[148.824,-20.426],[148.821,-20.444],[148.814,-20.421],[148.791,-20.415],[148.794,-20.454],[148.786,-20.43],[148.756,-20.419],[148.784,-20.452],[148.764,-20.48],[148.736,-20.482],[148.693,-20.441],[148.68,-20.441],[148.715,-20.495],[148.662,-20.586],[148.69,-20.599],[148.7,-20.64],[148.727,-20.633],[148.706,-20.671],[148.733,-20.688],[148.731,-20.717],[148.778,-20.732],[148.781,-20.762],[148.841,-20.791],[148.796,-20.797],[148.787,-20.817],[148.811,-20.814],[148.82,-20.832],[148.839,-20.825],[148.843,-20.876],[148.866,-20.868],[148.875,-20.883],[148.875,-20.863],[148.885,-20.849],[148.89,-20.878],[148.915,-20.892],[148.951,-20.876],[148.971,-20.9],[148.995,-20.892],[149.005,-20.912],[149.046,-20.903],[149.059,-20.929],[149.012,-20.935],[149.031,-20.957],[149.016,-20.954],[149.014,-20.992],[149.05,-20.979],[149.066,-20.995],[149.068,-20.984],[149.086,-20.99],[149.065,-20.975],[149.089,-20.976],[149.129,-21.007],[149.123,-21.033],[149.133,-20.996],[149.158,-21.0],[149.171,-21.042],[149.187,-21.034],[149.206,-21.077],[149.227,-21.063],[149.223,-21.148],[149.217,-21.123],[149.196,-21.126],[149.199,-21.138],[149.163,-21.132],[149.153,-21.143],[149.215,-21.145],[149.192,-21.183],[149.196,-21.211],[149.174,-21.199],[149.214,-21.242],[149.179,-21.285],[149.201,-21.277],[149.198,-21.296],[149.256,-21.245],[149.274,-21.278],[149.299,-21.273],[149.291,-21.318],[149.315,-21.354],[149.317,-21.393],[149.276,-21.389],[149.276,-21.401],[149.295,-21.416],[149.331,-21.41],[149.338,-21.427],[149.298,-21.426],[149.298,-21.471],[149.274,-21.478],[149.29,-21.507],[149.327,-21.505],[149.309,-21.497],[149.34,-21.475],[149.357,-21.496],[149.35,-21.509],[149.396,-21.493],[149.374,-21.535],[149.399,-21.541],[149.4,-21.56],[149.414,-21.546],[149.438,-21.554],[149.444,-21.578],[149.422,-21.575],[149.45,-21.578],[149.443,-21.593],[149.465,-21.561],[149.457,-21.556],[149.472,-21.56],[149.458,-21.553],[149.468,-21.535],[149.485,-21.532],[149.486,-21.571],[149.439,-21.64],[149.456,-21.68],[149.449,-21.713],[149.471,-21.708],[149.48,-21.743],[149.455,-21.731],[149.425,-21.743],[149.422,-21.772],[149.431,-21.746],[149.434,-21.818],[149.458,-21.817],[149.472,-21.839],[149.465,-21.926],[149.49,-21.989],[149.523,-22.027],[149.517,-22.075],[149.567,-22.172],[149.554,-22.187],[149.599,-22.254],[149.597,-22.281],[149.629,-22.297],[149.658,-22.355],[149.684,-22.345],[149.711,-22.37],[149.731,-22.348],[149.767,-22.371],[149.747,-22.387],[149.752,-22.436],[149.784,-22.38],[149.811,-22.382],[149.85,-22.416],[149.888,-22.493],[149.963,-22.539],[149.991,-22.602],[150.018,-22.64],[150.047,-22.661],[150.003,-22.53],[149.913,-22.343],[149.962,-22.344],[149.932,-22.334],[149.972,-22.33],[149.915,-22.321],[149.918,-22.274],[149.956,-22.185],[150.001,-22.144],[150.036,-22.146],[150.043,-22.126],[150.081,-22.152],[150.093,-22.218],[150.152,-22.26],[150.157,-22.305],[150.192,-22.325],[150.177,-22.36],[150.206,-22.369],[150.217,-22.394],[150.301,-22.398],[150.301,-22.421],[150.384,-22.465],[150.449,-22.535],[150.451,-22.523],[150.484,-22.534],[150.498,-22.56],[150.502,-22.543],[150.492,-22.521],[150.545,-22.561],[150.538,-22.572],[150.515,-22.557],[150.53,-22.581],[150.544,-22.574],[150.53,-22.602],[150.549,-22.617],[150.537,-22.59],[150.547,-22.576],[150.56,-22.603],[150.552,-22.566],[150.592,-22.575],[150.598,-22.559],[150.552,-22.484],[150.574,-22.482],[150.533,-22.45],[150.59,-22.464],[150.539,-22.443],[150.54,-22.427],[150.556,-22.431],[150.53,-22.402],[150.562,-22.317],[150.604,-22.335],[150.626,-22.328],[150.646,-22.346],[150.64,-22.364],[150.618,-22.348],[150.643,-22.38],[150.611,-22.389],[150.644,-22.391],[150.658,-22.414],[150.628,-22.421],[150.646,-22.424],[150.627,-22.442],[150.655,-22.422],[150.65,-22.439],[150.666,-22.454],[150.672,-22.403],[150.65,-22.369],[150.667,-22.347],[150.693,-22.431],[150.753,-22.446],[150.759,-22.469],[150.731,-22.485],[150.724,-22.519],[150.678,-22.473],[150.674,-22.495],[150.644,-22.474],[150.674,-22.501],[150.667,-22.523],[150.689,-22.545],[150.68,-22.573],[150.692,-22.554],[150.725,-22.563],[150.719,-22.6],[150.732,-22.623],[150.715,-22.633],[150.694,-22.606],[150.707,-22.636],[150.733,-22.641],[150.736,-22.624],[150.748,-22.636],[150.759,-22.627],[150.738,-22.624],[150.752,-22.622],[150.744,-22.585],[150.754,-22.589],[150.763,-22.552],[150.774,-22.552],[150.754,-22.524],[150.784,-22.529],[150.778,-22.639],[150.804,-22.647],[150.812,-22.68],[150.835,-22.684],[150.79,-22.866],[150.787,-22.922],[150.8,-22.933],[150.777,-22.962],[150.75,-23.129],[150.775,-23.165],[150.794,-23.163],[150.799,-23.228],[150.819,-23.222],[150.828,-23.236],[150.825,-23.28],[150.79,-23.31],[150.768,-23.303],[150.776,-23.323],[150.792,-23.322],[150.81,-23.407],[150.871,-23.481],[150.85,-23.507],[150.79,-23.51],[150.878,-23.552],[150.876,-23.565],[150.834,-23.554],[150.866,-23.575],[150.857,-23.621],[150.875,-23.577],[150.935,-23.544],[150.959,-23.553],[150.959,-23.599],[150.925,-23.623],[150.968,-23.605],[150.975,-23.555],[151.027,-23.572],[151.04,-23.637],[151.122,-23.671],[151.135,-23.698],[151.11,-23.704],[151.151,-23.728],[151.159,-23.748],[151.144,-23.77],[151.173,-23.816],[151.192,-23.832],[151.237,-23.818],[151.245,-23.827],[151.233,-23.831],[151.271,-23.837],[151.278,-23.854],[151.318,-23.855],[151.305,-23.9],[151.324,-23.875],[151.355,-23.936],[151.427,-23.987],[151.435,-24.026],[151.425,-24.046],[151.438,-24.077],[151.443,-24.026],[151.466,-24.072],[151.494,-24.067],[151.475,-24.034],[151.442,-24.016],[151.441,-23.992],[151.544,-24.029],[151.501,-24.045],[151.527,-24.06],[151.525,-24.089],[151.548,-24.089],[151.545,-24.113],[151.553,-24.082],[151.564,-24.111],[151.56,-24.074],[151.58,-24.087],[151.555,-24.07],[151.574,-24.036],[151.583,-24.05],[151.61,-24.043],[151.635,-24.056],[151.682,-24.104],[151.665,-24.06],[151.686,-24.067],[151.677,-24.05],[151.638,-24.033],[151.634,-24.005],[151.604,-24.009],[151.611,-23.979],[151.644,-23.977],[151.73,-24.022],[151.705,-24.04],[151.716,-24.087],[151.745,-24.032],[151.738,-24.003],[151.765,-24.015],[151.787,-24.118],[151.771,-24.13],[151.793,-24.126],[151.836,-24.177],[151.876,-24.172],[151.849,-24.218],[151.879,-24.194],[151.869,-24.19],[151.886,-24.149],[151.906,-24.208],[151.943,-24.24],[152.006,-24.434],[152.058,-24.512],[152.044,-24.525],[152.065,-24.522],[152.148,-24.627],[152.274,-24.712],[152.348,-24.738],[152.334,-24.744],[152.379,-24.732],[152.397,-24.751],[152.378,-24.768],[152.381,-24.797],[152.384,-24.763],[152.413,-24.758],[152.468,-24.816],[152.495,-24.916],[152.486,-24.971],[152.551,-25.074],[152.542,-25.069],[152.534,-25.09],[152.546,-25.074],[152.577,-25.119],[152.633,-25.152],[152.618,-25.173],[152.555,-25.172],[152.54,-25.19],[152.547,-25.205],[152.557,-25.182],[152.615,-25.183],[152.644,-25.234],[152.722,-25.27],[152.806,-25.264],[152.814,-25.243],[152.834,-25.276],[152.914,-25.293],[152.901,-25.314],[152.924,-25.431],[152.897,-25.419],[152.89,-25.427],[152.908,-25.429],[152.872,-25.444],[152.851,-25.485],[152.824,-25.494],[152.849,-25.498],[152.934,-25.432],[152.956,-25.434],[152.947,-25.461],[152.897,-25.499],[152.903,-25.542],[152.862,-25.553],[152.883,-25.562],[152.875,-25.61],[152.892,-25.618],[152.911,-25.675],[152.878,-25.684],[152.92,-25.706],[152.912,-25.738],[152.976,-25.771],[152.972,-25.794],[152.94,-25.795],[152.937,-25.815],[152.978,-25.809],[152.983,-25.825],[152.987,-25.803],[153.02,-25.83],[153.026,-25.852],[152.994,-25.881],[153.009,-25.885],[153.022,-25.866],[153.03,-25.889],[153.004,-25.899],[153.016,-25.904],[153.016,-25.931],[152.997,-25.935],[153.031,-25.934],[152.998,-25.953],[153.009,-25.957],[152.999,-25.969],[153.017,-25.997],[153.027,-25.988],[153.015,-25.977],[153.031,-25.978],[153.024,-25.959],[153.039,-25.97],[153.032,-25.946],[153.056,-25.931],[153.025,-25.908],[153.051,-25.898],[153.05,-25.909],[153.058,-25.914],[153.066,-25.886],[153.046,-25.849],[153.072,-25.823],[153.046,-25.808],[153.072,-25.812],[153.086,-25.889],[153.12,-25.934],[153.162,-25.95],[153.192,-25.933],[153.113,-26.104],[153.061,-26.313],[153.077,-26.379],[153.12,-26.379],[153.092,-26.518],[153.099,-26.643],[153.109,-26.671],[153.139,-26.679],[153.137,-26.773],[153.151,-26.802],[153.125,-26.806],[153.112,-26.87],[153.092,-26.895],[153.07,-26.908],[153.061,-26.893],[153.062,-26.928],[153.043,-26.946],[153.065,-26.976],[153.043,-26.969],[153.045,-26.986],[153.025,-26.988],[153.06,-26.989],[153.083,-27.028],[153.112,-27.051],[153.099,-27.064],[153.144,-27.075],[153.066,-27.111],[153.043,-27.149],[153.038,-27.128],[153.022,-27.124],[153.043,-27.156],[153.031,-27.159],[153.037,-27.197],[153.117,-27.198],[153.108,-27.262],[153.078,-27.263],[153.076,-27.228],[153.054,-27.23],[153.078,-27.264],[153.064,-27.283],[153.07,-27.314],[153.161,-27.377],[153.142,-27.416],[153.09,-27.446],[153.05,-27.44],[153.053,-27.46],[153.053,-27.442],[153.088,-27.45],[153.111,-27.443],[153.165,-27.401],[153.158,-27.392],[153.177,-27.362],[153.191,-27.367],[153.183,-27.394],[153.165,-27.397],[153.175,-27.44],[153.195,-27.456],[153.189,-27.476],[153.232,-27.482],[153.241,-27.465],[153.242,-27.481],[153.261,-27.484],[153.262,-27.516],[153.291,-27.511],[153.281,-27.55],[153.318,-27.582],[153.297,-27.595],[153.323,-27.7],[153.301,-27.707],[153.293,-27.692],[153.299,-27.711],[153.348,-27.695],[153.357,-27.712],[153.383,-27.709],[153.366,-27.693],[153.379,-27.675],[153.368,-27.649],[153.416,-27.642],[153.388,-27.657],[153.397,-27.697],[153.385,-27.709],[153.412,-27.741],[153.439,-27.736],[153.427,-27.779],[153.384,-27.784],[153.412,-27.791],[153.395,-27.819],[153.374,-27.814],[153.392,-27.794],[153.39,-27.792],[153.367,-27.801],[153.372,-27.818],[153.386,-27.829],[153.377,-27.835],[153.376,-27.845],[153.395,-27.832],[153.395,-27.873],[153.411,-27.87],[153.396,-27.886],[153.419,-27.983],[153.421,-27.941],[153.435,-27.934],[153.431,-28.003],[153.45,-28.084],[153.514,-28.161],[153.552,-28.164],[153.535,-28.178],[153.477,-28.157],[153.357,-28.25],[153.279,-28.234],[153.232,-28.265],[153.178,-28.247],[153.161,-28.28],[153.169,-28.294],[153.125,-28.319],[153.109,-28.358],[153.046,-28.339],[152.934,-28.338],[152.88,-28.31],[152.831,-28.32],[152.804,-28.354],[152.775,-28.347],[152.751,-28.364],[152.667,-28.312],[152.638,-28.311],[152.615,-28.27],[152.579,-28.339],[152.526,-28.306],[152.534,-28.263],[152.509,-28.249],[152.464,-28.259],[152.445,-28.299],[152.415,-28.298],[152.417,-28.333],[152.386,-28.369],[152.31,-28.363],[152.217,-28.449],[152.161,-28.433],[152.121,-28.463],[152.07,-28.468],[152.017,-28.525],[151.989,-28.526],[151.983,-28.503],[151.956,-28.519],[151.958,-28.563],[151.986,-28.581],[152.01,-28.665],[152.066,-28.681],[152.076,-28.708],[152.043,-28.732],[152.037,-28.819],[152.015,-28.851],[152.037,-28.852],[152.038,-28.865],[152.01,-28.908],[151.998,-28.895],[151.916,-28.929],[151.849,-28.908],[151.832,-28.96],[151.806,-28.945],[151.778,-28.96],[151.743,-28.919],[151.734,-28.872],[151.707,-28.872],[151.635,-28.929],[151.61,-28.923],[151.546,-28.953],[151.498,-29.02],[151.502,-29.071],[151.394,-29.178],[151.315,-29.166],[151.315,-29.134],[151.28,-29.101],[151.289,-29.05],[151.271,-29.03],[151.284,-29.006],[151.275,-28.939],[151.103,-28.836],[151.045,-28.844],[151.042,-28.799],[151.025,-28.793],[151.028,-28.761],[151.011,-28.741],[150.938,-28.731],[150.906,-28.688],[150.874,-28.694],[150.752,-28.633],[150.682,-28.661],[150.673,-28.65],[150.633,-28.677],[150.554,-28.653],[150.544,-28.672],[150.525,-28.654],[150.446,-28.665],[150.415,-28.651],[150.414,-28.634],[150.37,-28.621],[150.351,-28.575],[150.29,-28.537],[150.212,-28.574],[150.152,-28.55],[150.139,-28.565],[150.092,-28.564],[150.08,-28.584],[150.016,-28.581],[149.977,-28.613],[149.721,-28.609],[149.703,-28.634],[149.667,-28.632],[149.661,-28.609],[149.611,-28.601],[149.588,-28.573],[149.503,-28.574],[149.453,-28.595],[149.387,-28.696],[149.359,-28.684],[149.318,-28.714],[149.297,-28.71],[149.269,-28.743],[149.247,-28.739],[149.225,-28.764],[149.189,-28.775],[149.179,-28.803],[149.14,-28.807],[149.128,-28.835],[149.081,-28.842],[149.033,-28.956],[149.009,-28.957],[148.958,-28.999],[140.999,-28.999],[140.999,-25.996],[137.999,-25.997],[138.001,-16.545],[138.176,-16.686],[138.324,-16.75],[138.329,-16.736],[138.362,-16.74],[138.428,-16.777],[138.48,-16.784],[138.472,-16.775],[138.629,-16.768],[138.884,-16.885],[138.979,-16.887],[139.039,-16.912],[139.043,-16.95],[139.087,-16.999],[139.158,-17.029],[139.141,-17.079],[139.155,-17.164],[139.238,-17.32],[139.306,-17.365],[139.417,-17.375],[139.45,-17.394],[139.436,-17.423],[139.452,-17.396],[139.477,-17.401],[139.647,-17.538],[139.722,-17.548],[139.757,-17.577],[139.822,-17.571],[139.839,-17.59],[139.834,-17.605],[139.847,-17.596],[139.938,-17.631],[139.949,-17.674],[140.004,-17.715],[140.093,-17.723],[140.385,-17.678],[140.448,-17.642],[140.479,-17.645],[140.594,-17.598],[140.71,-17.51],[140.735,-17.512],[140.769,-17.478],[140.828,-17.465],[140.887,-17.382],[140.913,-17.233],[140.94,-17.185],[140.962,-17.093],[140.947,-17.041],[140.958,-16.998],[141.065,-16.87],[141.082,-16.803],[141.129,-16.78],[141.204,-16.692],[141.233,-16.588],[141.251,-16.558],[141.271,-16.558],[141.296,-16.496],[141.305,-16.457],[141.286,-16.408],[141.321,-16.342],[141.351,-16.219],[141.433,-16.075],[141.373,-15.917],[141.398,-15.91],[141.409,-15.871],[141.435,-15.658],[141.479,-15.499],[141.569,-15.297],[141.576,-15.205],[141.632,-15.162],[141.642,-15.126],[141.632,-15.104],[141.66,-15.055],[141.664,-15.004]],[[141.663,-15.003],[141.66,-14.983],[141.653,-14.974],[141.663,-15.003]],[[153.428,-27.989],[153.415,-27.999],[153.426,-27.999],[153.428,-27.989]],[[153.385,-27.874],[153.381,-27.861],[153.381,-27.874],[153.385,-27.874]],[[153.38,-27.882],[153.342,-27.895],[153.349,-27.919],[153.358,-27.893],[153.38,-27.882]],[[153.381,-27.859],[153.368,-27.849],[153.36,-27.849],[153.381,-27.859]],[[153.189,-27.489],[153.187,-27.491],[153.193,-27.495],[153.189,-27.489]],[[153.053,-27.475],[153.049,-27.474],[153.036,-27.465],[153.043,-27.477],[153.053,-27.475]],[[153.034,-27.469],[153.03,-27.479],[153.017,-27.468],[153.004,-27.475],[152.995,-27.49],[153.021,-27.501],[153.0,-27.507],[152.998,-27.515],[153.008,-27.521],[153.001,-27.51],[153.023,-27.5],[152.996,-27.489],[153.005,-27.476],[153.032,-27.482],[153.034,-27.469]],[[153.008,-27.521],[152.971,-27.505],[152.966,-27.514],[152.974,-27.543],[152.939,-27.525],[152.927,-27.529],[152.925,-27.541],[152.903,-27.544],[152.906,-27.554],[152.894,-27.56],[152.893,-27.577],[152.905,-27.601],[152.874,-27.579],[152.856,-27.596],[152.874,-27.58],[152.906,-27.602],[152.895,-27.579],[152.907,-27.556],[152.904,-27.545],[152.925,-27.543],[152.941,-27.528],[152.974,-27.545],[152.972,-27.506],[153.008,-27.521]],[[152.937,-25.761],[152.937,-25.768],[152.942,-25.765],[152.937,-25.761]],[[152.523,-25.07],[152.523,-25.069],[152.508,-25.078],[152.523,-25.07]],[[150.574,-22.482],[150.608,-22.501],[150.587,-22.488],[150.602,-22.486],[150.593,-22.476],[150.574,-22.482]],[[142.589,-10.89],[142.588,-10.889],[142.583,-10.901],[142.589,-10.89]],[[149.451,-21.729],[149.436,-21.722],[149.433,-21.727],[149.451,-21.729]],[[151.636,-24.0],[151.642,-24.003],[151.638,-23.997],[151.636,-24.0]]],[[[143.588,-13.532],[143.585,-13.517],[143.591,-13.525],[143.588,-13.532]]],[[[147.42,-19.321],[147.385,-19.302],[147.414,-19.313],[147.42,-19.321]]],[[[153.547,-27.435],[153.481,-27.581],[153.454,-27.729],[153.438,-27.733],[153.44,-27.715],[153.436,-27.735],[153.413,-27.739],[153.393,-27.707],[153.402,-27.693],[153.399,-27.663],[153.422,-27.642],[153.407,-27.611],[153.413,-27.512],[153.398,-27.496],[153.423,-27.47],[153.438,-27.395],[153.456,-27.388],[153.483,-27.416],[153.547,-27.435]]],[[[153.468,-27.028],[153.42,-27.204],[153.418,-27.274],[153.437,-27.334],[153.428,-27.364],[153.366,-27.201],[153.361,-27.061],[153.402,-27.035],[153.389,-27.05],[153.468,-27.028]]],[[[153.445,-27.757],[153.427,-27.868],[153.426,-27.934],[153.407,-27.834],[153.445,-27.757]]],[[[153.419,-27.932],[153.416,-27.94],[153.412,-27.931],[153.419,-27.932]]],[[[153.398,-27.823],[153.39,-27.83],[153.382,-27.823],[153.398,-27.823]]],[[[153.39,-27.62],[153.372,-27.631],[153.383,-27.616],[153.39,-27.62]]],[[[153.376,-27.618],[153.362,-27.632],[153.347,-27.622],[153.361,-27.58],[153.36,-27.614],[153.368,-27.606],[153.376,-27.618]]],[[[153.375,-27.498],[153.345,-27.514],[153.337,-27.498],[153.359,-27.486],[153.375,-27.498]]],[[[153.362,-27.684],[153.35,-27.682],[153.354,-27.649],[153.362,-27.684]]],[[[152.953,-25.594],[152.951,-25.552],[152.989,-25.512],[152.987,-25.448],[153.051,-25.345],[153.04,-25.277],[153.052,-25.245],[153.039,-25.223],[152.992,-25.221],[153.03,-25.176],[153.16,-25.084],[153.222,-24.996],[153.226,-24.912],[153.169,-24.832],[153.119,-24.815],[153.177,-24.743],[153.265,-24.697],[153.27,-24.893],[153.304,-24.95],[153.351,-24.963],[153.36,-25.006],[153.108,-25.56],[153.078,-25.669],[153.089,-25.758],[153.078,-25.792],[153.039,-25.793],[153.015,-25.769],[152.975,-25.625],[152.955,-25.613],[152.964,-25.577],[152.953,-25.594]]],[[[153.353,-27.632],[153.347,-27.639],[153.335,-27.621],[153.353,-27.632]]],[[[153.342,-27.605],[153.337,-27.621],[153.333,-27.614],[153.342,-27.605]]],[[[153.341,-27.649],[153.329,-27.67],[153.329,-27.635],[153.341,-27.649]]],[[[153.34,-27.69],[153.327,-27.695],[153.32,-27.68],[153.326,-27.677],[153.34,-27.69]]],[[[153.33,-27.563],[153.335,-27.575],[153.319,-27.573],[153.33,-27.563]]],[[[153.235,-27.378],[153.239,-27.397],[153.226,-27.392],[153.235,-27.378]]],[[[153.208,-27.082],[153.166,-27.099],[153.079,-26.972],[153.091,-26.945],[153.077,-26.91],[153.13,-26.874],[153.13,-26.814],[153.142,-26.918],[153.208,-27.082]]],[[[153.189,-27.402],[153.178,-27.397],[153.184,-27.393],[153.189,-27.402]]],[[[153.086,-27.008],[153.078,-27.01],[153.079,-27.002],[153.086,-27.008]]],[[[152.994,-25.335],[152.959,-25.303],[152.943,-25.273],[152.989,-25.314],[152.994,-25.335]]],[[[152.969,-25.477],[152.961,-25.491],[152.96,-25.477],[152.969,-25.477]]],[[[152.964,-25.62],[152.958,-25.637],[152.953,-25.616],[152.964,-25.62]]],[[[152.956,-25.495],[152.936,-25.523],[152.915,-25.529],[152.909,-25.5],[152.942,-25.479],[152.956,-25.495]]],[[[152.95,-25.558],[152.942,-25.583],[152.938,-25.563],[152.95,-25.558]]],[[[152.938,-25.611],[152.929,-25.599],[152.931,-25.586],[152.938,-25.611]]],[[[152.93,-25.618],[152.927,-25.624],[152.921,-25.614],[152.93,-25.618]]],[[[152.928,-25.583],[152.924,-25.598],[152.92,-25.575],[152.928,-25.583]]],[[[152.922,-25.56],[152.921,-25.568],[152.915,-25.563],[152.922,-25.56]]],[[[152.912,-25.549],[152.907,-25.564],[152.903,-25.555],[152.912,-25.549]]],[[[152.904,-25.571],[152.889,-25.57],[152.899,-25.56],[152.904,-25.571]]],[[[152.899,-25.578],[152.892,-25.595],[152.889,-25.579],[152.899,-25.578]]],[[[151.664,-24.047],[151.661,-24.053],[151.649,-24.045],[151.664,-24.047]]],[[[151.548,-24.078],[151.536,-24.082],[151.542,-24.075],[151.548,-24.078]]],[[[151.462,-24.044],[151.459,-24.056],[151.46,-24.039],[151.462,-24.044]]],[[[151.437,-24.037],[151.436,-24.054],[151.428,-24.04],[151.437,-24.037]]],[[[151.394,-23.865],[151.374,-23.881],[151.361,-23.824],[151.336,-23.825],[151.324,-23.778],[151.333,-23.754],[151.394,-23.865]]],[[[151.315,-23.759],[151.291,-23.759],[151.285,-23.797],[151.265,-23.778],[151.276,-23.765],[151.263,-23.775],[151.275,-23.753],[151.262,-23.749],[151.245,-23.794],[151.215,-23.794],[151.13,-23.669],[151.048,-23.623],[151.033,-23.57],[150.979,-23.489],[151.014,-23.474],[151.017,-23.452],[151.057,-23.448],[151.081,-23.467],[151.073,-23.488],[151.087,-23.48],[151.155,-23.511],[151.202,-23.512],[151.183,-23.521],[151.193,-23.527],[151.183,-23.541],[151.217,-23.518],[151.235,-23.484],[151.226,-23.609],[151.248,-23.657],[151.287,-23.684],[151.296,-23.739],[151.315,-23.759]]],[[[151.289,-23.805],[151.286,-23.819],[151.282,-23.801],[151.289,-23.805]]],[[[151.163,-23.397],[151.156,-23.406],[151.145,-23.399],[151.163,-23.397]]],[[[150.995,-23.181],[150.939,-23.198],[150.932,-23.179],[150.976,-23.149],[150.976,-23.171],[150.995,-23.181]]],[[[150.976,-23.215],[150.965,-23.216],[150.973,-23.209],[150.976,-23.215]]],[[[150.914,-23.08],[150.889,-23.083],[150.892,-23.054],[150.914,-23.08]]],[[[150.872,-23.506],[150.865,-23.517],[150.851,-23.512],[150.872,-23.506]]],[[[150.865,-23.528],[150.847,-23.533],[150.838,-23.521],[150.865,-23.528]]],[[[150.698,-21.953],[150.69,-21.967],[150.677,-21.965],[150.686,-21.946],[150.698,-21.953]]],[[[150.677,-22.09],[150.67,-22.094],[150.669,-22.083],[150.677,-22.09]]],[[[150.663,-22.335],[150.661,-22.34],[150.656,-22.331],[150.663,-22.335]]],[[[150.648,-22.009],[150.642,-22.008],[150.645,-22.002],[150.648,-22.009]]],[[[150.561,-22.295],[150.544,-22.3],[150.543,-22.321],[150.528,-22.317],[150.523,-22.334],[150.483,-22.349],[150.476,-22.335],[150.49,-22.325],[150.478,-22.321],[150.5,-22.303],[150.486,-22.311],[150.459,-22.297],[150.483,-22.279],[150.475,-22.261],[150.5,-22.27],[150.478,-22.255],[150.498,-22.241],[150.475,-22.232],[150.479,-22.207],[150.519,-22.224],[150.535,-22.275],[150.561,-22.295]]],[[[150.528,-22.374],[150.515,-22.372],[150.521,-22.367],[150.528,-22.374]]],[[[150.5,-22.546],[150.498,-22.554],[150.497,-22.541],[150.5,-22.546]]],[[[150.465,-22.248],[150.427,-22.276],[150.422,-22.299],[150.416,-22.28],[150.443,-22.255],[150.43,-22.251],[150.441,-22.232],[150.464,-22.225],[150.454,-22.234],[150.465,-22.248]]],[[[150.45,-22.315],[150.45,-22.321],[150.443,-22.314],[150.45,-22.315]]],[[[150.367,-22.011],[150.369,-22.024],[150.359,-22.014],[150.367,-22.011]]],[[[150.364,-21.721],[150.339,-21.77],[150.3,-21.746],[150.34,-21.741],[150.364,-21.721]]],[[[150.351,-21.667],[150.34,-21.674],[150.326,-21.659],[150.338,-21.656],[150.351,-21.667]]],[[[150.314,-22.233],[150.32,-22.245],[150.298,-22.244],[150.314,-22.233]]],[[[150.302,-21.665],[150.274,-21.681],[150.243,-21.675],[150.247,-21.619],[150.302,-21.665]]],[[[150.283,-22.352],[150.262,-22.371],[150.251,-22.365],[150.273,-22.347],[150.283,-22.352]]],[[[150.266,-21.477],[150.273,-21.491],[150.263,-21.484],[150.266,-21.477]]],[[[150.276,-21.517],[150.258,-21.529],[150.245,-21.517],[150.276,-21.517]]],[[[150.179,-21.97],[150.169,-22.004],[150.152,-21.971],[150.179,-21.97]]],[[[150.14,-21.958],[150.143,-21.961],[150.143,-21.98],[150.14,-21.958]]],[[[150.139,-21.998],[150.125,-22.001],[150.128,-21.988],[150.139,-21.998]]],[[[150.12,-21.918],[150.118,-21.931],[150.108,-21.932],[150.108,-21.922],[150.12,-21.918]]],[[[150.04,-22.111],[150.014,-22.11],[150.021,-22.127],[149.945,-22.172],[149.933,-22.152],[149.978,-22.118],[150.001,-22.122],[150.01,-22.101],[150.04,-22.111]]],[[[150.019,-22.621],[150.016,-22.629],[150.013,-22.619],[150.019,-22.621]]],[[[149.932,-22.187],[149.92,-22.2],[149.925,-22.175],[149.932,-22.187]]],[[[149.93,-22.134],[149.909,-22.224],[149.896,-22.235],[149.87,-22.226],[149.87,-22.119],[149.882,-22.068],[149.901,-22.052],[149.93,-22.134]]],[[[149.917,-21.507],[149.907,-21.5],[149.909,-21.493],[149.917,-21.507]]],[[[149.916,-22.236],[149.91,-22.256],[149.899,-22.26],[149.905,-22.235],[149.916,-22.236]]],[[[149.911,-21.018],[149.898,-21.021],[149.894,-21.005],[149.904,-21.003],[149.911,-21.018]]],[[[149.91,-22.474],[149.905,-22.477],[149.898,-22.463],[149.91,-22.474]]],[[[149.901,-22.236],[149.895,-22.244],[149.889,-22.238],[149.901,-22.236]]],[[[149.897,-21.498],[149.888,-21.499],[149.891,-21.485],[149.897,-21.498]]],[[[149.895,-22.256],[149.885,-22.263],[149.878,-22.255],[149.895,-22.256]]],[[[149.893,-22.248],[149.877,-22.251],[149.875,-22.238],[149.885,-22.236],[149.893,-22.248]]],[[[149.881,-21.994],[149.862,-22.013],[149.844,-22.004],[149.881,-21.994]]],[[[149.842,-21.659],[149.834,-21.662],[149.832,-21.647],[149.842,-21.659]]],[[[149.837,-21.379],[149.833,-21.383],[149.822,-21.372],[149.837,-21.379]]],[[[149.819,-21.606],[149.792,-21.616],[149.781,-21.613],[149.806,-21.591],[149.819,-21.606]]],[[[149.804,-21.832],[149.793,-21.839],[149.793,-21.83],[149.804,-21.832]]],[[[149.763,-22.406],[149.754,-22.412],[149.756,-22.401],[149.763,-22.406]]],[[[149.718,-21.456],[149.706,-21.448],[149.71,-21.439],[149.718,-21.456]]],[[[149.691,-21.312],[149.686,-21.332],[149.666,-21.302],[149.691,-21.312]]],[[[149.665,-21.975],[149.658,-21.978],[149.655,-21.966],[149.665,-21.975]]],[[[149.654,-21.929],[149.651,-21.936],[149.643,-21.932],[149.654,-21.929]]],[[[149.626,-20.77],[149.613,-20.778],[149.622,-20.761],[149.626,-20.77]]],[[[149.626,-20.869],[149.597,-20.885],[149.578,-20.869],[149.606,-20.865],[149.603,-20.846],[149.626,-20.869]]],[[[149.589,-22.138],[149.573,-22.125],[149.577,-22.119],[149.589,-22.138]]],[[[149.577,-21.968],[149.566,-21.992],[149.559,-21.988],[149.577,-21.968]]],[[[149.5,-21.829],[149.487,-21.837],[149.469,-21.822],[149.486,-21.818],[149.5,-21.829]]],[[[149.499,-21.598],[149.493,-21.605],[149.485,-21.597],[149.499,-21.598]]],[[[149.484,-20.741],[149.472,-20.747],[149.466,-20.727],[149.484,-20.741]]],[[[149.47,-20.928],[149.467,-20.937],[149.464,-20.926],[149.47,-20.928]]],[[[149.461,-20.915],[149.451,-20.934],[149.426,-20.946],[149.425,-20.907],[149.461,-20.915]]],[[[149.423,-20.92],[149.405,-20.924],[149.386,-20.904],[149.414,-20.897],[149.423,-20.92]]],[[[149.412,-20.773],[149.398,-20.779],[149.39,-20.769],[149.412,-20.773]]],[[[149.301,-20.797],[149.277,-20.793],[149.274,-20.778],[149.291,-20.774],[149.301,-20.797]]],[[[149.29,-20.81],[149.265,-20.823],[149.268,-20.81],[149.249,-20.806],[149.274,-20.796],[149.29,-20.81]]],[[[149.209,-20.691],[149.204,-20.699],[149.197,-20.69],[149.209,-20.691]]],[[[149.194,-20.672],[149.189,-20.689],[149.173,-20.672],[149.182,-20.666],[149.194,-20.672]]],[[[149.178,-20.248],[149.172,-20.25],[149.173,-20.241],[149.178,-20.248]]],[[[149.167,-20.683],[149.156,-20.674],[149.146,-20.694],[149.136,-20.686],[149.155,-20.662],[149.167,-20.683]]],[[[149.157,-20.237],[149.155,-20.243],[149.151,-20.239],[149.157,-20.237]]],[[[149.133,-20.467],[149.132,-20.482],[149.121,-20.469],[149.133,-20.467]]],[[[149.118,-20.344],[149.124,-20.357],[149.118,-20.356],[149.118,-20.344]]],[[[149.125,-20.271],[149.119,-20.272],[149.123,-20.265],[149.125,-20.271]]],[[[149.124,-20.544],[149.115,-20.553],[149.096,-20.547],[149.113,-20.538],[149.124,-20.544]]],[[[149.112,-20.274],[149.111,-20.288],[149.105,-20.266],[149.112,-20.274]]],[[[149.105,-20.481],[149.082,-20.484],[149.067,-20.526],[149.044,-20.522],[149.037,-20.503],[149.065,-20.502],[149.08,-20.436],[149.105,-20.481]]],[[[149.104,-20.251],[149.093,-20.301],[149.075,-20.301],[149.076,-20.27],[149.094,-20.271],[149.104,-20.251]]],[[[149.09,-20.522],[149.081,-20.526],[149.079,-20.516],[149.09,-20.522]]],[[[149.089,-20.66],[149.067,-20.641],[149.055,-20.618],[149.089,-20.66]]],[[[149.075,-20.304],[149.07,-20.309],[149.066,-20.304],[149.075,-20.304]]],[[[149.065,-20.453],[149.034,-20.46],[149.024,-20.441],[149.037,-20.43],[149.065,-20.453]]],[[[149.062,-20.293],[149.047,-20.31],[149.033,-20.3],[149.022,-20.321],[148.99,-20.301],[148.987,-20.323],[148.963,-20.329],[148.962,-20.304],[148.95,-20.303],[148.975,-20.269],[148.938,-20.307],[148.929,-20.286],[148.913,-20.291],[148.962,-20.245],[148.958,-20.228],[148.938,-20.24],[148.96,-20.187],[148.956,-20.158],[148.978,-20.162],[148.976,-20.205],[148.996,-20.203],[148.992,-20.25],[149.026,-20.235],[149.015,-20.27],[149.025,-20.255],[149.062,-20.293]]],[[[149.044,-20.156],[149.037,-20.165],[149.039,-20.183],[149.021,-20.161],[149.044,-20.156]]],[[[149.036,-20.397],[149.034,-20.404],[149.023,-20.397],[149.036,-20.397]]],[[[148.996,-20.353],[148.989,-20.357],[148.991,-20.35],[148.996,-20.353]]],[[[148.983,-20.352],[148.953,-20.377],[148.946,-20.333],[148.959,-20.347],[148.983,-20.352]]],[[[148.968,-20.068],[148.949,-20.084],[148.957,-20.106],[148.937,-20.102],[148.951,-20.157],[148.932,-20.178],[148.93,-20.133],[148.915,-20.174],[148.902,-20.166],[148.916,-20.123],[148.888,-20.169],[148.884,-20.123],[148.912,-20.1],[148.907,-20.071],[148.923,-20.062],[148.926,-20.082],[148.943,-20.064],[148.968,-20.068]]],[[[148.942,-20.376],[148.928,-20.369],[148.928,-20.337],[148.936,-20.34],[148.942,-20.376]]],[[[148.929,-20.319],[148.927,-20.326],[148.924,-20.311],[148.929,-20.319]]],[[[148.928,-20.852],[148.918,-20.855],[148.918,-20.847],[148.928,-20.852]]],[[[148.924,-20.256],[148.921,-20.271],[148.908,-20.274],[148.91,-20.258],[148.924,-20.256]]],[[[148.915,-20.853],[148.898,-20.855],[148.891,-20.829],[148.902,-20.827],[148.915,-20.853]]],[[[148.898,-20.05],[148.881,-20.062],[148.881,-20.037],[148.898,-20.05]]],[[[148.883,-20.601],[148.876,-20.599],[148.879,-20.591],[148.883,-20.601]]],[[[148.876,-20.613],[148.866,-20.619],[148.864,-20.607],[148.876,-20.613]]],[[[148.875,-20.385],[148.866,-20.397],[148.852,-20.382],[148.845,-20.336],[148.853,-20.316],[148.851,-20.347],[148.875,-20.385]]],[[[148.85,-20.261],[148.84,-20.28],[148.827,-20.285],[148.83,-20.256],[148.85,-20.261]]],[[[148.83,-20.236],[148.823,-20.238],[148.81,-20.214],[148.83,-20.236]]],[[[148.614,-20.149],[148.6,-20.153],[148.608,-20.138],[148.614,-20.149]]],[[[148.576,-20.101],[148.57,-20.104],[148.571,-20.096],[148.576,-20.101]]],[[[148.479,-20.002],[148.475,-20.05],[148.445,-20.044],[148.445,-19.974],[148.479,-20.002]]],[[[148.294,-20.032],[148.286,-20.041],[148.278,-20.038],[148.283,-20.027],[148.294,-20.032]]],[[[146.884,-19.114],[146.846,-19.182],[146.779,-19.129],[146.832,-19.105],[146.849,-19.118],[146.862,-19.103],[146.884,-19.114]]],[[[146.694,-18.756],[146.648,-18.776],[146.61,-18.758],[146.58,-18.771],[146.567,-18.751],[146.589,-18.712],[146.572,-18.678],[146.62,-18.708],[146.642,-18.75],[146.685,-18.738],[146.694,-18.756]]],[[[146.643,-19.032],[146.629,-19.033],[146.634,-19.022],[146.643,-19.032]]],[[[146.622,-19.032],[146.598,-19.035],[146.615,-19.025],[146.622,-19.032]]],[[[146.568,-18.671],[146.556,-18.688],[146.539,-18.658],[146.548,-18.652],[146.568,-18.671]]],[[[146.551,-18.842],[146.549,-18.849],[146.532,-18.835],[146.551,-18.842]]],[[[146.527,-18.672],[146.52,-18.715],[146.506,-18.66],[146.527,-18.672]]],[[[146.508,-18.623],[146.489,-18.668],[146.5,-18.634],[146.484,-18.614],[146.495,-18.599],[146.484,-18.567],[146.508,-18.623]]],[[[146.502,-18.543],[146.489,-18.558],[146.491,-18.539],[146.502,-18.543]]],[[[146.237,-18.282],[146.233,-18.266],[146.244,-18.266],[146.216,-18.227],[146.223,-18.195],[146.251,-18.237],[146.306,-18.242],[146.276,-18.318],[146.306,-18.356],[146.331,-18.362],[146.34,-18.381],[146.324,-18.4],[146.358,-18.418],[146.336,-18.432],[146.324,-18.486],[146.224,-18.479],[146.201,-18.437],[146.207,-18.398],[146.191,-18.367],[146.152,-18.313],[146.101,-18.286],[146.071,-18.247],[146.127,-18.235],[146.196,-18.278],[146.247,-18.296],[146.226,-18.277],[146.237,-18.282]]],[[[146.287,-18.142],[146.277,-18.139],[146.282,-18.135],[146.287,-18.142]]],[[[146.209,-18.461],[146.206,-18.472],[146.19,-18.471],[146.193,-18.46],[146.209,-18.461]]],[[[146.179,-18.397],[146.178,-18.373],[146.193,-18.429],[146.18,-18.415],[146.173,-18.42],[146.168,-18.408],[146.18,-18.413],[146.18,-18.406],[146.145,-18.358],[146.171,-18.366],[146.179,-18.397]]],[[[146.192,-18.166],[146.176,-18.181],[146.152,-18.175],[146.161,-18.152],[146.192,-18.166]]],[[[146.187,-18.43],[146.178,-18.434],[146.182,-18.426],[146.187,-18.43]]],[[[146.181,-18.42],[146.176,-18.432],[146.171,-18.423],[146.181,-18.42]]],[[[146.178,-17.967],[146.134,-17.935],[146.152,-17.928],[146.178,-17.967]]],[[[146.017,-17.155],[146.012,-17.165],[146.005,-17.154],[146.017,-17.155]]],[[[146.005,-16.924],[146.0,-16.937],[145.986,-16.942],[145.991,-16.925],[146.005,-16.924]]],[[[145.477,-14.67],[145.471,-14.686],[145.448,-14.68],[145.451,-14.647],[145.477,-14.67]]],[[[144.99,-14.503],[144.979,-14.512],[144.951,-14.499],[144.979,-14.493],[144.99,-14.503]]],[[[144.816,-14.425],[144.811,-14.438],[144.804,-14.433],[144.816,-14.425]]],[[[144.533,-14.119],[144.525,-14.12],[144.525,-14.112],[144.533,-14.119]]],[[[144.328,-14.095],[144.336,-14.102],[144.326,-14.102],[144.328,-14.095]]],[[[144.34,-14.089],[144.328,-14.094],[144.332,-14.086],[144.34,-14.089]]],[[[144.284,-14.195],[144.24,-14.191],[144.232,-14.175],[144.273,-14.159],[144.284,-14.195]]],[[[144.276,-14.217],[144.27,-14.239],[144.245,-14.221],[144.276,-14.217]]],[[[144.268,-14.148],[144.245,-14.152],[144.21,-14.185],[144.231,-14.133],[144.268,-14.148]]],[[[144.231,-14.21],[144.203,-14.23],[144.222,-14.206],[144.231,-14.21]]],[[[144.052,-9.908],[144.058,-9.924],[144.039,-9.923],[144.052,-9.908]]],[[[143.785,-9.577],[143.776,-9.598],[143.76,-9.597],[143.759,-9.581],[143.785,-9.577]]],[[[143.779,-14.222],[143.773,-14.22],[143.775,-14.214],[143.779,-14.222]]],[[[143.722,-13.866],[143.718,-13.87],[143.715,-13.862],[143.722,-13.866]]],[[[143.502,-12.527],[143.475,-12.521],[143.454,-12.504],[143.475,-12.52],[143.502,-12.527]]],[[[143.423,-9.75],[143.398,-9.755],[143.405,-9.748],[143.423,-9.75]]],[[[143.415,-12.289],[143.404,-12.288],[143.413,-12.284],[143.415,-12.289]]],[[[143.401,-12.869],[143.392,-12.876],[143.389,-12.869],[143.401,-12.869]]],[[[143.401,-12.896],[143.394,-12.894],[143.395,-12.877],[143.401,-12.896]]],[[[143.391,-12.879],[143.384,-12.883],[143.379,-12.877],[143.391,-12.879]]],[[[143.388,-12.87],[143.377,-12.87],[143.385,-12.865],[143.388,-12.87]]],[[[143.378,-12.886],[143.374,-12.896],[143.359,-12.887],[143.378,-12.886]]],[[[143.276,-11.985],[143.267,-11.99],[143.262,-11.975],[143.276,-11.985]]],[[[142.977,-9.805],[142.972,-9.805],[142.975,-9.795],[142.977,-9.805]]],[[[142.948,-9.854],[142.913,-9.867],[142.898,-9.853],[142.917,-9.843],[142.948,-9.854]]],[[[142.868,-10.039],[142.858,-10.053],[142.826,-10.025],[142.857,-10.02],[142.868,-10.039]]],[[[142.801,-9.376],[142.707,-9.428],[142.652,-9.428],[142.597,-9.403],[142.604,-9.383],[142.647,-9.365],[142.707,-9.382],[142.743,-9.367],[142.801,-9.376]]],[[[142.781,-9.896],[142.769,-9.905],[142.764,-9.894],[142.781,-9.896]]],[[[142.725,-9.368],[142.699,-9.377],[142.667,-9.37],[142.689,-9.358],[142.725,-9.368]]],[[[142.706,-10.953],[142.692,-10.959],[142.687,-10.937],[142.667,-10.936],[142.652,-10.915],[142.69,-10.92],[142.706,-10.953]]],[[[142.666,-10.629],[142.654,-10.651],[142.638,-10.653],[142.651,-10.639],[142.632,-10.627],[142.639,-10.618],[142.666,-10.629]]],[[[142.628,-9.758],[142.648,-9.773],[142.622,-9.773],[142.628,-9.758]]],[[[142.634,-10.914],[142.635,-10.927],[142.621,-10.919],[142.634,-10.914]]],[[[142.628,-10.598],[142.615,-10.601],[142.609,-10.593],[142.62,-10.59],[142.628,-10.598]]],[[[142.623,-10.743],[142.612,-10.745],[142.584,-10.714],[142.615,-10.721],[142.623,-10.743]]],[[[142.552,-9.42],[142.532,-9.436],[142.529,-9.411],[142.552,-9.42]]],[[[142.518,-10.192],[142.513,-10.195],[142.504,-10.184],[142.518,-10.192]]],[[[142.515,-10.158],[142.508,-10.163],[142.502,-10.157],[142.515,-10.158]]],[[[142.49,-10.243],[142.48,-10.26],[142.474,-10.25],[142.49,-10.243]]],[[[142.411,-10.712],[142.386,-10.75],[142.39,-10.718],[142.411,-10.712]]],[[[142.344,-10.172],[142.279,-10.26],[142.241,-10.234],[142.218,-10.239],[142.184,-10.189],[142.211,-10.171],[142.22,-10.129],[142.266,-10.116],[142.326,-10.135],[142.344,-10.172]]],[[[142.326,-10.611],[142.268,-10.642],[142.236,-10.607],[142.257,-10.579],[142.306,-10.571],[142.326,-10.611]]],[[[142.321,-10.531],[142.3,-10.542],[142.284,-10.528],[142.312,-10.506],[142.321,-10.531]]],[[[142.319,-9.568],[142.284,-9.57],[142.258,-9.554],[142.291,-9.551],[142.319,-9.568]]],[[[142.305,-10.722],[142.29,-10.734],[142.282,-10.716],[142.295,-10.702],[142.305,-10.722]]],[[[142.295,-9.263],[142.284,-9.285],[142.245,-9.291],[142.132,-9.264],[142.222,-9.23],[142.243,-9.259],[142.295,-9.263]]],[[[142.277,-10.706],[142.265,-10.727],[142.243,-10.711],[142.23,-10.739],[142.227,-10.721],[142.207,-10.726],[142.178,-10.771],[142.15,-10.765],[142.113,-10.72],[142.11,-10.662],[142.204,-10.595],[142.277,-10.706]]],[[[142.251,-9.229],[142.242,-9.235],[142.234,-9.221],[142.251,-9.229]]],[[[142.233,-10.574],[142.211,-10.589],[142.206,-10.581],[142.221,-10.57],[142.233,-10.574]]],[[[142.23,-10.534],[142.214,-10.566],[142.184,-10.568],[142.213,-10.522],[142.23,-10.534]]],[[[142.201,-9.949],[142.178,-9.973],[142.165,-9.952],[142.187,-9.942],[142.201,-9.949]]],[[[142.182,-10.059],[142.188,-10.148],[142.163,-10.181],[142.134,-10.179],[142.122,-10.148],[142.087,-10.13],[142.114,-10.069],[142.182,-10.059]]],[[[142.188,-9.233],[142.156,-9.247],[142.164,-9.224],[142.188,-9.233]]],[[[142.179,-10.586],[142.169,-10.606],[142.146,-10.595],[142.179,-10.586]]],[[[142.173,-10.208],[142.169,-10.228],[142.163,-10.217],[142.173,-10.208]]],[[[142.171,-10.554],[142.158,-10.57],[142.146,-10.566],[142.171,-10.554]]],[[[142.141,-10.373],[142.126,-10.384],[142.125,-10.353],[142.133,-10.354],[142.141,-10.373]]],[[[142.115,-10.991],[142.099,-10.989],[142.1,-10.975],[142.109,-10.967],[142.099,-10.987],[142.115,-10.991]]],[[[142.077,-10.265],[142.066,-10.262],[142.074,-10.259],[142.077,-10.265]]],[[[142.06,-10.354],[142.048,-10.366],[142.049,-10.355],[142.06,-10.354]]],[[[139.887,-16.653],[139.856,-16.677],[139.848,-16.663],[139.872,-16.645],[139.887,-16.653]]],[[[139.814,-16.491],[139.807,-16.497],[139.802,-16.488],[139.814,-16.491]]],[[[139.726,-16.451],[139.731,-16.501],[139.701,-16.474],[139.726,-16.451]]],[[[139.712,-16.531],[139.657,-16.519],[139.596,-16.554],[139.578,-16.503],[139.558,-16.491],[139.567,-16.475],[139.547,-16.461],[139.561,-16.48],[139.541,-16.488],[139.531,-16.515],[139.475,-16.526],[139.514,-16.545],[139.507,-16.577],[139.484,-16.556],[139.453,-16.57],[139.473,-16.583],[139.455,-16.58],[139.471,-16.588],[139.466,-16.628],[139.439,-16.631],[139.451,-16.666],[139.417,-16.672],[139.402,-16.64],[139.376,-16.642],[139.374,-16.686],[139.351,-16.689],[139.313,-16.73],[139.23,-16.731],[139.222,-16.71],[139.2,-16.708],[139.195,-16.662],[139.166,-16.668],[139.151,-16.634],[139.213,-16.569],[139.242,-16.504],[139.304,-16.463],[139.465,-16.446],[139.548,-16.391],[139.604,-16.403],[139.65,-16.45],[139.676,-16.451],[139.712,-16.531]]],[[[139.639,-17.074],[139.614,-17.139],[139.604,-17.138],[139.595,-17.112],[139.614,-17.106],[139.626,-17.062],[139.639,-17.074]]],[[[139.473,-17.096],[139.427,-17.106],[139.435,-17.139],[139.394,-17.083],[139.423,-17.079],[139.462,-17.025],[139.49,-17.045],[139.474,-17.03],[139.5,-17.002],[139.494,-16.98],[139.556,-17.034],[139.554,-17.07],[139.578,-17.094],[139.523,-17.103],[139.519,-17.123],[139.478,-17.116],[139.473,-17.096]],[[139.48,-17.094],[139.485,-17.093],[139.481,-17.085],[139.48,-17.094]]],[[[139.561,-17.114],[139.549,-17.129],[139.552,-17.115],[139.561,-17.114]]],[[[139.478,-16.679],[139.465,-16.7],[139.441,-16.704],[139.452,-16.674],[139.468,-16.667],[139.478,-16.679]]],[[[139.284,-16.264],[139.274,-16.275],[139.273,-16.264],[139.284,-16.264]]],[[[139.28,-16.994],[139.263,-16.999],[139.261,-16.99],[139.265,-16.984],[139.28,-16.994]]],[[[139.266,-17.058],[139.215,-17.036],[139.207,-17.003],[139.243,-17.029],[139.266,-17.058]]],[[[139.189,-16.682],[139.189,-16.719],[139.174,-16.728],[139.185,-16.734],[139.141,-16.754],[139.146,-16.692],[139.171,-16.671],[139.189,-16.682]]],[[[139.152,-16.822],[139.128,-16.826],[139.113,-16.849],[139.091,-16.827],[139.133,-16.798],[139.152,-16.822]]],[[[139.077,-16.902],[139.046,-16.885],[139.074,-16.891],[139.077,-16.902]]],[[[139.068,-16.865],[139.059,-16.877],[139.063,-16.861],[139.068,-16.865]]]]}},{"type":"Feature","properties":{"state":"SA","name":"South Australia"},"geometry":{"type":"MultiPolygon","coordinates":[[[[138.5,-34.844],[138.516,-34.811],[138.566,-34.825],[138.548,-34.81],[138.554,-34.79],[138.533,-34.737],[138.431,-34.668],[138.446,-34.653],[138.408,-34.6],[138.364,-34.578],[138.344,-34.531],[138.266,-34.477],[138.225,-34.366],[138.223,-34.311],[138.192,-34.272],[138.146,-34.266],[138.168,-34.245],[138.166,-34.221],[138.102,-34.139],[138.077,-34.134],[138.002,-34.257],[138.022,-34.285],[138.007,-34.349],[137.918,-34.428],[137.888,-34.507],[137.876,-34.598],[137.908,-34.616],[137.877,-34.668],[137.865,-34.778],[137.8,-34.878],[137.805,-34.912],[137.757,-34.997],[137.764,-35.041],[137.725,-35.054],[137.759,-35.115],[137.697,-35.142],[137.678,-35.168],[137.637,-35.168],[137.555,-35.117],[137.423,-35.098],[137.352,-35.134],[137.335,-35.168],[137.238,-35.165],[137.174,-35.237],[137.111,-35.243],[137.077,-35.226],[137.001,-35.223],[136.944,-35.282],[136.883,-35.3],[136.822,-35.245],[136.846,-35.229],[136.846,-35.19],[136.888,-35.185],[136.898,-35.157],[136.941,-35.129],[136.961,-35.082],[136.93,-35.029],[136.968,-35.0],[136.976,-34.941],[137.013,-34.92],[137.014,-34.893],[137.093,-34.92],[137.276,-34.894],[137.309,-34.928],[137.347,-34.93],[137.375,-34.954],[137.449,-34.91],[137.46,-34.808],[137.509,-34.618],[137.474,-34.511],[137.483,-34.439],[137.463,-34.427],[137.427,-34.473],[137.415,-34.46],[137.447,-34.398],[137.476,-34.392],[137.5,-34.312],[137.5,-34.227],[137.45,-34.136],[137.522,-34.129],[137.568,-34.044],[137.552,-34.014],[137.527,-34.004],[137.631,-33.922],[137.625,-33.895],[137.6,-33.877],[137.725,-33.77],[137.755,-33.714],[137.857,-33.631],[137.879,-33.597],[137.92,-33.587],[137.893,-33.626],[137.918,-33.625],[137.935,-33.553],[137.952,-33.573],[137.977,-33.559],[137.971,-33.539],[137.939,-33.548],[137.949,-33.512],[137.87,-33.397],[137.875,-33.362],[137.891,-33.367],[137.881,-33.323],[137.852,-33.326],[137.811,-33.266],[137.838,-33.207],[137.908,-33.171],[137.925,-33.176],[137.94,-33.158],[137.958,-33.168],[137.954,-33.155],[138.001,-33.132],[138.012,-33.178],[138.024,-33.182],[138.036,-33.169],[138.014,-33.178],[138.021,-33.149],[138.048,-33.136],[138.054,-33.115],[138.025,-33.106],[138.046,-33.087],[138.019,-33.036],[137.952,-33.006],[137.901,-32.778],[137.944,-32.758],[137.838,-32.696],[137.86,-32.689],[137.868,-32.664],[137.803,-32.608],[137.822,-32.581],[137.825,-32.604],[137.839,-32.604],[137.836,-32.575],[137.782,-32.55],[137.785,-32.529],[137.769,-32.524],[137.759,-32.491],[137.771,-32.48],[137.766,-32.44],[137.75,-32.415],[137.764,-32.442],[137.75,-32.532],[137.765,-32.597],[137.75,-32.708],[137.753,-32.721],[137.781,-32.714],[137.81,-32.749],[137.793,-32.78],[137.811,-32.845],[137.792,-32.871],[137.798,-32.894],[137.789,-32.915],[137.758,-32.907],[137.75,-32.922],[137.787,-33.0],[137.721,-32.991],[137.691,-32.96],[137.641,-32.955],[137.595,-32.999],[137.6,-33.021],[137.586,-33.022],[137.597,-33.036],[137.553,-33.058],[137.536,-33.095],[137.452,-33.131],[137.434,-33.23],[137.394,-33.29],[137.374,-33.293],[137.386,-33.372],[137.361,-33.439],[137.315,-33.472],[137.279,-33.565],[137.213,-33.661],[137.169,-33.69],[137.07,-33.699],[136.992,-33.725],[136.857,-33.798],[136.8,-33.803],[136.778,-33.831],[136.73,-33.835],[136.668,-33.879],[136.593,-33.9],[136.572,-33.923],[136.575,-33.943],[136.497,-33.993],[136.435,-34.012],[136.363,-34.069],[136.347,-34.099],[136.357,-34.123],[136.331,-34.148],[136.324,-34.182],[136.278,-34.221],[136.234,-34.296],[136.188,-34.335],[136.112,-34.359],[136.104,-34.383],[136.13,-34.407],[136.092,-34.43],[136.117,-34.426],[136.122,-34.467],[136.092,-34.543],[136.073,-34.506],[136.083,-34.495],[136.056,-34.479],[136.025,-34.484],[136.022,-34.516],[135.974,-34.505],[135.932,-34.529],[135.902,-34.593],[135.914,-34.611],[135.933,-34.61],[135.937,-34.649],[135.891,-34.616],[135.862,-34.634],[135.854,-34.665],[135.854,-34.715],[135.885,-34.725],[135.87,-34.744],[135.891,-34.751],[135.865,-34.77],[135.863,-34.755],[135.846,-34.753],[135.786,-34.809],[135.834,-34.819],[135.893,-34.806],[135.956,-34.757],[135.961,-34.784],[135.981,-34.785],[135.991,-34.75],[135.979,-34.731],[136.007,-34.736],[136.002,-34.787],[136.016,-34.794],[135.96,-34.849],[136.005,-34.98],[135.96,-34.992],[135.954,-35.006],[135.929,-34.948],[135.868,-34.92],[135.856,-34.927],[135.854,-34.887],[135.792,-34.861],[135.713,-34.865],[135.706,-34.906],[135.679,-34.914],[135.686,-34.945],[135.619,-34.944],[135.624,-34.906],[135.605,-34.879],[135.496,-34.783],[135.474,-34.744],[135.38,-34.687],[135.325,-34.686],[135.347,-34.666],[135.342,-34.629],[135.252,-34.552],[135.174,-34.555],[135.143,-34.592],[135.109,-34.588],[135.125,-34.577],[135.139,-34.503],[135.206,-34.429],[135.221,-34.499],[135.354,-34.522],[135.316,-34.521],[135.298,-34.552],[135.355,-34.58],[135.362,-34.621],[135.402,-34.633],[135.374,-34.629],[135.366,-34.642],[135.438,-34.634],[135.452,-34.614],[135.474,-34.623],[135.517,-34.613],[135.508,-34.595],[135.458,-34.586],[135.443,-34.601],[135.473,-34.617],[135.432,-34.603],[135.446,-34.537],[135.429,-34.527],[135.41,-34.539],[135.405,-34.507],[135.391,-34.534],[135.422,-34.549],[135.406,-34.555],[135.414,-34.588],[135.396,-34.593],[135.422,-34.601],[135.389,-34.595],[135.398,-34.556],[135.377,-34.515],[135.396,-34.497],[135.388,-34.441],[135.359,-34.419],[135.346,-34.268],[135.304,-34.184],[135.268,-34.177],[135.241,-34.15],[135.279,-34.12],[135.272,-34.02],[135.252,-33.981],[135.194,-33.92],[135.182,-33.878],[135.162,-33.878],[135.04,-33.755],[134.879,-33.654],[134.879,-33.636],[134.861,-33.644],[134.83,-33.626],[134.863,-33.547],[134.845,-33.436],[134.802,-33.329],[134.658,-33.234],[134.719,-33.23],[134.702,-33.175],[134.632,-33.162],[134.595,-33.139],[134.558,-33.161],[134.598,-33.197],[134.641,-33.183],[134.647,-33.195],[134.623,-33.198],[134.631,-33.214],[134.664,-33.223],[134.642,-33.224],[134.631,-33.245],[134.596,-33.203],[134.451,-33.145],[134.369,-33.176],[134.358,-33.125],[134.293,-33.076],[134.3,-33.049],[134.276,-33.025],[134.264,-33.032],[134.282,-33.05],[134.261,-33.073],[134.279,-33.107],[134.313,-33.112],[134.358,-33.148],[134.345,-33.161],[134.351,-33.19],[134.328,-33.199],[134.26,-33.153],[134.262,-33.098],[134.23,-33.043],[134.192,-33.035],[134.168,-33.056],[134.139,-33.018],[134.194,-33.014],[134.202,-32.964],[134.167,-32.927],[134.144,-32.928],[134.141,-32.944],[134.119,-32.915],[134.081,-32.927],[134.061,-32.908],[134.079,-32.899],[134.072,-32.884],[134.117,-32.868],[134.138,-32.84],[134.119,-32.783],[134.06,-32.722],[134.081,-32.71],[134.205,-32.725],[134.215,-32.731],[134.153,-32.724],[134.2,-32.747],[134.197,-32.795],[134.222,-32.79],[134.29,-32.693],[134.266,-32.574],[134.163,-32.469],[134.092,-32.458],[134.103,-32.45],[134.081,-32.455],[134.082,-32.466],[134.057,-32.441],[134.086,-32.471],[134.037,-32.46],[133.995,-32.484],[133.992,-32.505],[133.923,-32.495],[133.894,-32.541],[133.849,-32.542],[133.867,-32.399],[133.897,-32.4],[133.889,-32.412],[133.906,-32.413],[133.887,-32.423],[133.919,-32.428],[133.947,-32.412],[133.951,-32.389],[133.869,-32.281],[133.818,-32.247],[133.821,-32.234],[133.806,-32.231],[133.808,-32.243],[133.77,-32.264],[133.757,-32.206],[133.679,-32.203],[133.693,-32.155],[133.643,-32.145],[133.671,-32.135],[133.667,-32.104],[133.592,-32.087],[133.573,-32.117],[133.585,-32.141],[133.553,-32.17],[133.522,-32.155],[133.525,-32.127],[133.505,-32.142],[133.519,-32.144],[133.511,-32.153],[133.497,-32.151],[133.503,-32.131],[133.483,-32.126],[133.489,-32.11],[133.473,-32.1],[133.451,-32.113],[133.451,-32.136],[133.438,-32.123],[133.395,-32.142],[133.412,-32.178],[133.464,-32.172],[133.492,-32.196],[133.488,-32.206],[133.446,-32.179],[133.423,-32.198],[133.39,-32.2],[133.323,-32.18],[133.278,-32.184],[133.253,-32.211],[133.165,-32.17],[133.126,-32.209],[133.138,-32.175],[133.088,-32.127],[133.007,-32.083],[132.98,-32.107],[132.982,-32.082],[132.964,-32.065],[132.747,-31.949],[132.661,-31.957],[132.595,-31.934],[132.531,-31.935],[132.478,-31.946],[132.446,-31.971],[132.438,-32.001],[132.473,-32.03],[132.415,-31.999],[132.343,-32.014],[132.335,-32.029],[132.201,-32.027],[132.151,-32.003],[132.073,-31.918],[131.759,-31.72],[131.442,-31.572],[131.149,-31.464],[131.082,-31.491],[131.026,-31.538],[130.806,-31.606],[130.152,-31.577],[129.528,-31.623],[129.001,-31.687],[129.002,-25.999],[140.999,-25.996],[141.003,-34.022],[140.99,-34.032],[140.964,-33.981],[140.966,-38.056],[140.838,-38.041],[140.783,-38.046],[140.77,-38.06],[140.662,-38.061],[140.608,-38.028],[140.579,-38.03],[140.454,-37.936],[140.396,-37.919],[140.248,-37.686],[140.179,-37.617],[140.113,-37.578],[140.108,-37.566],[140.131,-37.556],[140.121,-37.531],[140.05,-37.479],[139.993,-37.486],[139.841,-37.322],[139.74,-37.182],[139.743,-37.156],[139.788,-37.158],[139.791,-37.113],[139.744,-37.074],[139.741,-37.021],[139.67,-36.957],[139.676,-36.942],[139.788,-36.895],[139.843,-36.84],[139.863,-36.753],[139.851,-36.647],[139.783,-36.459],[139.655,-36.222],[139.523,-36.044],[139.377,-35.892],[139.212,-35.755],[139.055,-35.65],[138.884,-35.557],[138.763,-35.521],[138.71,-35.514],[138.684,-35.538],[138.632,-35.544],[138.598,-35.579],[138.604,-35.594],[138.522,-35.643],[138.431,-35.629],[138.276,-35.639],[138.191,-35.665],[138.096,-35.625],[138.094,-35.603],[138.165,-35.519],[138.194,-35.524],[138.245,-35.501],[138.294,-35.468],[138.341,-35.393],[138.441,-35.35],[138.443,-35.272],[138.47,-35.239],[138.469,-35.109],[138.518,-35.032],[138.476,-34.857],[138.49,-34.811],[138.478,-34.783],[138.496,-34.765],[138.515,-34.77],[138.5,-34.844]]],[[[138.546,-34.799],[138.519,-34.806],[138.515,-34.757],[138.546,-34.799]]],[[[138.544,-34.806],[138.524,-34.81],[138.538,-34.801],[138.544,-34.806]]],[[[138.135,-35.841],[138.041,-35.904],[137.911,-35.86],[137.874,-35.871],[137.803,-35.851],[137.741,-35.853],[137.726,-35.877],[137.66,-35.885],[137.612,-35.913],[137.598,-35.943],[137.62,-35.979],[137.603,-36.009],[137.536,-36.026],[137.461,-36.075],[137.371,-35.998],[137.209,-35.974],[137.181,-35.984],[137.19,-35.997],[137.163,-36.025],[137.131,-36.034],[137.103,-36.018],[137.036,-36.028],[136.997,-36.017],[136.915,-36.044],[136.854,-36.017],[136.817,-36.039],[136.727,-36.045],[136.705,-36.064],[136.696,-36.055],[136.708,-36.037],[136.666,-35.976],[136.582,-35.951],[136.533,-35.877],[136.564,-35.85],[136.587,-35.749],[136.697,-35.739],[136.72,-35.72],[136.759,-35.723],[136.784,-35.7],[137.07,-35.669],[137.141,-35.63],[137.203,-35.625],[137.313,-35.579],[137.447,-35.596],[137.491,-35.58],[137.519,-35.596],[137.622,-35.561],[137.634,-35.566],[137.627,-35.597],[137.598,-35.595],[137.57,-35.632],[137.641,-35.639],[137.644,-35.654],[137.606,-35.679],[137.578,-35.726],[137.696,-35.74],[137.78,-35.724],[137.803,-35.758],[137.746,-35.801],[137.754,-35.843],[137.772,-35.823],[137.797,-35.834],[137.815,-35.822],[137.758,-35.806],[137.777,-35.784],[137.852,-35.795],[137.893,-35.758],[137.901,-35.72],[137.941,-35.716],[138.046,-35.743],[138.068,-35.76],[138.077,-35.796],[138.126,-35.802],[138.119,-35.82],[138.135,-35.841]]],[[[137.382,-34.497],[137.365,-34.529],[137.341,-34.526],[137.338,-34.489],[137.361,-34.463],[137.382,-34.497]]],[[[136.861,-35.366],[136.858,-35.378],[136.854,-35.371],[136.861,-35.366]]],[[[136.495,-35.167],[136.49,-35.177],[136.453,-35.166],[136.442,-35.149],[136.454,-35.134],[136.495,-35.167]]],[[[136.359,-34.664],[136.344,-34.683],[136.33,-34.658],[136.345,-34.651],[136.359,-34.664]]],[[[136.306,-34.505],[136.284,-34.516],[136.287,-34.545],[136.275,-34.549],[136.28,-34.504],[136.306,-34.505]]],[[[136.28,-34.682],[136.269,-34.683],[136.267,-34.673],[136.28,-34.682]]],[[[136.19,-35.004],[136.2,-35.065],[136.163,-35.055],[136.147,-35.027],[136.157,-35.006],[136.11,-34.969],[136.084,-34.967],[136.083,-34.945],[136.107,-34.932],[136.15,-34.988],[136.19,-35.004]]],[[[136.186,-34.647],[136.18,-34.648],[136.181,-34.64],[136.186,-34.647]]],[[[136.064,-35.223],[136.071,-35.238],[136.056,-35.235],[136.064,-35.223]]],[[[136.07,-34.963],[136.051,-34.968],[136.06,-34.957],[136.07,-34.963]]],[[[136.038,-34.907],[136.028,-34.917],[136.032,-34.906],[136.038,-34.907]]],[[[136.015,-34.883],[136.001,-34.88],[136.008,-34.865],[136.015,-34.883]]],[[[135.979,-35.02],[135.974,-35.037],[135.966,-35.022],[135.979,-35.02]]],[[[135.956,-34.57],[135.952,-34.594],[135.946,-34.568],[135.956,-34.57]]],[[[135.953,-34.724],[135.929,-34.733],[135.917,-34.673],[135.939,-34.687],[135.953,-34.724]]],[[[135.626,-34.982],[135.618,-35.002],[135.617,-34.98],[135.626,-34.982]]],[[[134.813,-33.594],[134.807,-33.61],[134.776,-33.595],[134.813,-33.594]]],[[[134.671,-33.202],[134.677,-33.217],[134.666,-33.214],[134.671,-33.202]]],[[[134.548,-33.721],[134.507,-33.723],[134.496,-33.746],[134.447,-33.772],[134.472,-33.69],[134.528,-33.678],[134.548,-33.721]]],[[[134.28,-32.68],[134.26,-32.678],[134.275,-32.674],[134.28,-32.68]]],[[[133.858,-32.387],[133.788,-32.359],[133.815,-32.355],[133.858,-32.387]]],[[[133.835,-32.36],[133.816,-32.355],[133.83,-32.352],[133.835,-32.36]]],[[[133.684,-32.44],[133.658,-32.455],[133.669,-32.436],[133.684,-32.44]]],[[[133.674,-32.232],[133.614,-32.257],[133.628,-32.271],[133.6,-32.308],[133.573,-32.319],[133.55,-32.308],[133.54,-32.279],[133.551,-32.264],[133.594,-32.251],[133.582,-32.268],[133.624,-32.239],[133.674,-32.232]]],[[[133.655,-32.451],[133.64,-32.463],[133.626,-32.457],[133.634,-32.45],[133.655,-32.451]]],[[[133.531,-32.305],[133.501,-32.318],[133.513,-32.302],[133.531,-32.305]]],[[[133.477,-32.371],[133.484,-32.383],[133.476,-32.381],[133.477,-32.371]]],[[[133.382,-32.395],[133.367,-32.403],[133.368,-32.393],[133.382,-32.395]]],[[[133.311,-32.51],[133.288,-32.528],[133.268,-32.5],[133.289,-32.491],[133.311,-32.51]]],[[[133.299,-32.558],[133.291,-32.568],[133.275,-32.565],[133.284,-32.554],[133.299,-32.558]]],[[[133.29,-32.585],[133.276,-32.585],[133.285,-32.579],[133.29,-32.585]]]]}},{"type":"Feature","properties":{"state":"WA","name":"Western Australia"},"geometry":{"type":"MultiPolygon","coordinates":[[[[113.394,-26.393],[113.355,-26.301],[113.336,-26.3],[113.365,-26.211],[113.387,-26.213],[113.387,-26.111],[113.359,-26.065],[113.364,-26.017],[113.397,-26.114],[113.429,-26.139],[113.424,-26.161],[113.445,-26.163],[113.448,-26.213],[113.499,-26.336],[113.488,-26.357],[113.507,-26.364],[113.502,-26.4],[113.496,-26.378],[113.485,-26.384],[113.502,-26.42],[113.485,-26.431],[113.486,-26.485],[113.503,-26.469],[113.506,-26.409],[113.528,-26.362],[113.516,-26.322],[113.494,-26.31],[113.514,-26.302],[113.512,-26.277],[113.537,-26.28],[113.567,-26.433],[113.552,-26.469],[113.577,-26.505],[113.558,-26.574],[113.598,-26.614],[113.593,-26.512],[113.61,-26.515],[113.614,-26.489],[113.618,-26.518],[113.631,-26.463],[113.626,-26.571],[113.642,-26.619],[113.664,-26.596],[113.664,-26.674],[113.681,-26.658],[113.705,-26.662],[113.689,-26.649],[113.7,-26.639],[113.686,-26.638],[113.687,-26.602],[113.738,-26.618],[113.769,-26.587],[113.808,-26.611],[113.812,-26.576],[113.883,-26.508],[113.887,-26.45],[113.87,-26.391],[113.885,-26.371],[113.881,-26.335],[113.798,-26.252],[113.688,-26.218],[113.687,-26.186],[113.621,-26.101],[113.58,-26.097],[113.559,-25.946],[113.518,-25.92],[113.525,-25.884],[113.513,-25.852],[113.461,-25.809],[113.479,-25.783],[113.461,-25.734],[113.473,-25.731],[113.459,-25.716],[113.472,-25.709],[113.445,-25.709],[113.457,-25.713],[113.45,-25.756],[113.464,-25.751],[113.454,-25.765],[113.469,-25.785],[113.414,-25.725],[113.432,-25.626],[113.511,-25.503],[113.525,-25.608],[113.559,-25.636],[113.581,-25.621],[113.607,-25.714],[113.691,-25.789],[113.722,-25.794],[113.722,-25.868],[113.762,-25.879],[113.732,-25.95],[113.734,-26.014],[113.7,-26.045],[113.701,-26.132],[113.728,-26.187],[113.703,-26.2],[113.742,-26.207],[113.754,-26.185],[113.774,-26.215],[113.813,-26.179],[113.835,-26.116],[113.846,-26.114],[113.838,-26.139],[113.884,-26.06],[113.879,-26.068],[113.885,-26.029],[113.865,-25.956],[113.877,-25.945],[113.906,-25.96],[113.914,-25.982],[113.894,-26.035],[113.908,-26.054],[113.911,-26.122],[113.948,-26.143],[113.934,-26.204],[113.96,-26.244],[113.95,-26.268],[113.973,-26.343],[114.054,-26.419],[114.083,-26.455],[114.077,-26.467],[114.166,-26.39],[114.21,-26.372],[114.238,-26.313],[114.238,-26.284],[114.204,-26.245],[114.188,-26.18],[114.224,-26.119],[114.225,-26.165],[114.255,-26.145],[114.236,-26.118],[114.239,-26.073],[114.195,-25.984],[114.218,-25.969],[114.224,-25.987],[114.245,-25.993],[114.265,-25.982],[114.247,-25.937],[114.267,-25.888],[114.205,-25.853],[114.134,-25.778],[114.146,-25.78],[114.119,-25.755],[114.12,-25.728],[114.035,-25.663],[114.048,-25.667],[114.004,-25.619],[114.015,-25.62],[113.99,-25.59],[113.982,-25.561],[113.992,-25.575],[113.992,-25.565],[113.934,-25.475],[113.948,-25.477],[113.944,-25.459],[113.902,-25.41],[113.914,-25.401],[113.891,-25.373],[113.891,-25.337],[113.843,-25.265],[113.817,-25.174],[113.712,-25.103],[113.666,-25.023],[113.664,-24.959],[113.692,-24.929],[113.665,-24.896],[113.652,-24.905],[113.655,-24.882],[113.644,-24.878],[113.707,-24.851],[113.618,-24.859],[113.633,-24.797],[113.623,-24.746],[113.407,-24.484],[113.406,-24.303],[113.39,-24.224],[113.409,-24.224],[113.443,-24.182],[113.422,-24.043],[113.459,-24.014],[113.47,-23.899],[113.514,-23.847],[113.532,-23.775],[113.567,-23.752],[113.613,-23.631],[113.753,-23.528],[113.778,-23.478],[113.777,-23.379],[113.794,-23.296],[113.76,-23.121],[113.812,-23.083],[113.829,-23.031],[113.826,-22.956],[113.755,-22.756],[113.709,-22.715],[113.67,-22.717],[113.686,-22.664],[113.668,-22.629],[113.674,-22.597],[113.654,-22.579],[113.738,-22.471],[113.749,-22.408],[113.821,-22.306],[113.934,-21.973],[114.024,-21.851],[114.165,-21.786],[114.191,-21.815],[114.149,-21.867],[114.138,-21.958],[114.08,-22.154],[114.085,-22.191],[114.133,-22.262],[114.116,-22.331],[114.149,-22.301],[114.178,-22.305],[114.178,-22.353],[114.122,-22.416],[114.122,-22.473],[114.144,-22.507],[114.144,-22.538],[114.151,-22.517],[114.162,-22.534],[114.219,-22.497],[114.226,-22.457],[114.282,-22.434],[114.317,-22.441],[114.323,-22.504],[114.324,-22.48],[114.34,-22.516],[114.345,-22.49],[114.377,-22.498],[114.365,-22.49],[114.384,-22.491],[114.373,-22.483],[114.386,-22.485],[114.384,-22.465],[114.404,-22.469],[114.38,-22.441],[114.405,-22.439],[114.386,-22.427],[114.408,-22.429],[114.392,-22.422],[114.393,-22.391],[114.423,-22.396],[114.396,-22.383],[114.407,-22.351],[114.452,-22.363],[114.431,-22.352],[114.443,-22.343],[114.409,-22.331],[114.426,-22.32],[114.423,-22.301],[114.44,-22.304],[114.434,-22.295],[114.461,-22.329],[114.449,-22.3],[114.461,-22.293],[114.43,-22.275],[114.461,-22.272],[114.45,-22.26],[114.473,-22.264],[114.449,-22.254],[114.451,-22.238],[114.482,-22.251],[114.452,-22.235],[114.453,-22.208],[114.5,-22.22],[114.456,-22.16],[114.489,-22.158],[114.508,-22.184],[114.501,-22.15],[114.515,-22.157],[114.501,-22.13],[114.519,-22.123],[114.526,-22.142],[114.518,-22.106],[114.536,-22.079],[114.52,-22.083],[114.517,-22.066],[114.552,-22.066],[114.559,-22.02],[114.574,-22.044],[114.571,-22.002],[114.585,-21.997],[114.589,-22.019],[114.601,-21.988],[114.606,-22.007],[114.613,-21.962],[114.626,-21.974],[114.615,-21.948],[114.637,-21.945],[114.621,-21.936],[114.664,-21.911],[114.648,-21.92],[114.643,-21.909],[114.648,-21.845],[114.686,-21.833],[114.685,-21.868],[114.698,-21.843],[114.683,-21.829],[114.699,-21.814],[114.778,-21.791],[114.914,-21.688],[114.973,-21.67],[114.988,-21.674],[114.972,-21.671],[114.945,-21.69],[114.963,-21.693],[114.975,-21.672],[115.04,-21.692],[115.03,-21.686],[115.056,-21.686],[115.109,-21.632],[115.142,-21.659],[115.132,-21.645],[115.161,-21.626],[115.177,-21.637],[115.162,-21.625],[115.179,-21.611],[115.21,-21.628],[115.187,-21.612],[115.211,-21.598],[115.22,-21.616],[115.242,-21.577],[115.246,-21.596],[115.298,-21.594],[115.382,-21.548],[115.399,-21.556],[115.414,-21.535],[115.381,-21.543],[115.413,-21.525],[115.433,-21.529],[115.428,-21.545],[115.437,-21.53],[115.435,-21.542],[115.457,-21.508],[115.459,-21.528],[115.443,-21.533],[115.447,-21.544],[115.459,-21.531],[115.464,-21.547],[115.468,-21.515],[115.476,-21.547],[115.477,-21.53],[115.492,-21.546],[115.475,-21.506],[115.511,-21.51],[115.511,-21.525],[115.52,-21.509],[115.491,-21.495],[115.516,-21.483],[115.528,-21.465],[115.515,-21.481],[115.526,-21.459],[115.506,-21.474],[115.51,-21.458],[115.549,-21.435],[115.565,-21.457],[115.573,-21.428],[115.562,-21.436],[115.551,-21.413],[115.584,-21.385],[115.581,-21.402],[115.597,-21.411],[115.593,-21.392],[115.609,-21.382],[115.589,-21.38],[115.605,-21.361],[115.618,-21.377],[115.609,-21.356],[115.628,-21.363],[115.637,-21.346],[115.618,-21.346],[115.64,-21.327],[115.653,-21.346],[115.662,-21.342],[115.653,-21.316],[115.683,-21.319],[115.703,-21.279],[115.705,-21.3],[115.716,-21.277],[115.72,-21.289],[115.745,-21.279],[115.756,-21.254],[115.753,-21.284],[115.762,-21.272],[115.77,-21.285],[115.767,-21.254],[115.784,-21.257],[115.779,-21.289],[115.792,-21.246],[115.817,-21.266],[115.809,-21.249],[115.831,-21.251],[115.819,-21.247],[115.831,-21.225],[115.845,-21.228],[115.834,-21.206],[115.856,-21.195],[115.855,-21.176],[115.888,-21.139],[115.882,-21.121],[115.918,-21.079],[115.924,-21.096],[115.928,-21.077],[115.989,-21.04],[116.097,-21.0],[116.094,-21.024],[116.105,-21.038],[116.103,-21.001],[116.13,-20.997],[116.146,-21.013],[116.14,-20.992],[116.188,-20.968],[116.19,-20.901],[116.227,-20.883],[116.191,-20.888],[116.205,-20.834],[116.236,-20.86],[116.256,-20.858],[116.241,-20.877],[116.253,-20.866],[116.256,-20.88],[116.272,-20.869],[116.286,-20.881],[116.329,-20.868],[116.345,-20.839],[116.399,-20.822],[116.459,-20.843],[116.442,-20.824],[116.488,-20.815],[116.492,-20.8],[116.502,-20.808],[116.501,-20.799],[116.489,-20.797],[116.514,-20.779],[116.536,-20.786],[116.513,-20.772],[116.524,-20.758],[116.532,-20.769],[116.535,-20.767],[116.526,-20.753],[116.59,-20.74],[116.587,-20.752],[116.605,-20.754],[116.592,-20.735],[116.602,-20.728],[116.575,-20.731],[116.591,-20.717],[116.574,-20.708],[116.579,-20.692],[116.593,-20.685],[116.593,-20.706],[116.637,-20.675],[116.648,-20.682],[116.602,-20.728],[116.623,-20.715],[116.624,-20.734],[116.631,-20.711],[116.63,-20.732],[116.64,-20.726],[116.664,-20.741],[116.642,-20.722],[116.685,-20.723],[116.689,-20.706],[116.667,-20.722],[116.642,-20.705],[116.696,-20.683],[116.722,-20.638],[116.765,-20.633],[116.746,-20.621],[116.798,-20.575],[116.778,-20.577],[116.811,-20.55],[116.811,-20.529],[116.867,-20.526],[116.82,-20.582],[116.787,-20.665],[116.788,-20.687],[116.797,-20.668],[116.828,-20.709],[116.899,-20.724],[116.924,-20.712],[116.92,-20.741],[116.927,-20.72],[116.953,-20.724],[116.926,-20.713],[116.957,-20.701],[116.946,-20.698],[116.974,-20.671],[116.979,-20.687],[116.99,-20.658],[117.036,-20.648],[117.039,-20.668],[117.094,-20.624],[117.105,-20.655],[117.128,-20.654],[117.138,-20.627],[117.183,-20.592],[117.176,-20.606],[117.199,-20.632],[117.176,-20.632],[117.157,-20.657],[117.181,-20.645],[117.176,-20.665],[117.2,-20.667],[117.172,-20.701],[117.195,-20.68],[117.214,-20.706],[117.227,-20.707],[117.216,-20.725],[117.229,-20.706],[117.212,-20.698],[117.223,-20.695],[117.285,-20.72],[117.284,-20.735],[117.292,-20.724],[117.298,-20.738],[117.303,-20.727],[117.348,-20.736],[117.358,-20.743],[117.34,-20.759],[117.337,-20.774],[117.35,-20.763],[117.35,-20.779],[117.37,-20.734],[117.382,-20.784],[117.39,-20.761],[117.398,-20.771],[117.388,-20.753],[117.404,-20.76],[117.387,-20.745],[117.395,-20.731],[117.427,-20.731],[117.43,-20.758],[117.441,-20.745],[117.457,-20.757],[117.461,-20.752],[117.435,-20.741],[117.443,-20.731],[117.573,-20.694],[117.595,-20.704],[117.59,-20.68],[117.631,-20.664],[117.648,-20.662],[117.619,-20.679],[117.617,-20.687],[117.642,-20.678],[117.647,-20.702],[117.628,-20.709],[117.651,-20.704],[117.656,-20.715],[117.654,-20.689],[117.667,-20.672],[117.664,-20.684],[117.675,-20.699],[117.667,-20.679],[117.68,-20.667],[117.697,-20.687],[117.688,-20.692],[117.704,-20.695],[117.769,-20.666],[117.77,-20.676],[117.774,-20.67],[117.793,-20.679],[117.81,-20.674],[117.774,-20.664],[117.865,-20.607],[117.867,-20.582],[117.898,-20.585],[117.871,-20.572],[117.882,-20.552],[117.903,-20.554],[117.912,-20.577],[117.93,-20.571],[117.915,-20.563],[117.92,-20.544],[117.941,-20.547],[117.942,-20.567],[117.945,-20.546],[117.96,-20.562],[117.959,-20.549],[117.975,-20.55],[117.964,-20.547],[117.971,-20.525],[117.96,-20.547],[117.943,-20.537],[117.962,-20.507],[117.932,-20.527],[117.941,-20.48],[117.965,-20.491],[117.953,-20.479],[118.018,-20.459],[118.05,-20.422],[118.11,-20.401],[118.182,-20.336],[118.197,-20.338],[118.2,-20.36],[118.185,-20.346],[118.173,-20.351],[118.172,-20.359],[118.184,-20.347],[118.2,-20.369],[118.18,-20.358],[118.198,-20.369],[118.17,-20.369],[118.165,-20.383],[118.205,-20.376],[118.196,-20.404],[118.215,-20.371],[118.257,-20.378],[118.257,-20.359],[118.281,-20.353],[118.283,-20.367],[118.298,-20.352],[118.318,-20.365],[118.315,-20.355],[118.289,-20.349],[118.346,-20.33],[118.344,-20.36],[118.364,-20.374],[118.369,-20.351],[118.379,-20.37],[118.379,-20.351],[118.401,-20.349],[118.404,-20.364],[118.417,-20.34],[118.45,-20.347],[118.456,-20.335],[118.489,-20.351],[118.479,-20.329],[118.488,-20.326],[118.511,-20.331],[118.506,-20.349],[118.518,-20.331],[118.506,-20.328],[118.537,-20.312],[118.542,-20.33],[118.557,-20.314],[118.526,-20.305],[118.562,-20.294],[118.57,-20.32],[118.558,-20.317],[118.552,-20.346],[118.574,-20.328],[118.579,-20.358],[118.58,-20.337],[118.596,-20.354],[118.613,-20.348],[118.587,-20.335],[118.63,-20.334],[118.573,-20.316],[118.598,-20.287],[118.598,-20.308],[118.64,-20.298],[118.667,-20.325],[118.655,-20.331],[118.674,-20.332],[118.666,-20.343],[118.69,-20.316],[118.768,-20.282],[118.845,-20.286],[118.828,-20.273],[118.847,-20.262],[118.83,-20.259],[118.842,-20.231],[118.875,-20.242],[118.87,-20.253],[118.883,-20.261],[118.878,-20.243],[118.86,-20.225],[118.897,-20.168],[118.959,-20.127],[118.994,-20.036],[119.068,-20.015],[119.1,-19.959],[119.147,-19.979],[119.161,-20.012],[119.207,-20.024],[119.172,-20.008],[119.172,-19.957],[119.218,-19.953],[119.24,-19.972],[119.373,-19.991],[119.372,-20.008],[119.415,-19.995],[119.443,-20.017],[119.471,-20.006],[119.569,-20.08],[119.655,-20.047],[119.701,-19.995],[119.709,-20.021],[119.697,-20.035],[119.725,-20.026],[119.753,-19.984],[119.73,-19.976],[119.757,-19.964],[119.765,-19.976],[119.764,-19.956],[119.788,-19.973],[119.866,-19.97],[119.973,-19.933],[120.196,-19.914],[120.631,-19.77],[120.982,-19.621],[121.114,-19.539],[121.21,-19.466],[121.333,-19.342],[121.511,-19.094],[121.518,-19.043],[121.565,-18.969],[121.553,-18.943],[121.578,-18.951],[121.6,-18.941],[121.576,-18.947],[121.603,-18.869],[121.628,-18.842],[121.638,-18.848],[121.643,-18.818],[121.653,-18.836],[121.656,-18.767],[121.62,-18.742],[121.618,-18.706],[121.629,-18.7],[121.631,-18.722],[121.635,-18.704],[121.681,-18.721],[121.698,-18.699],[121.741,-18.705],[121.752,-18.675],[121.793,-18.657],[121.791,-18.609],[121.729,-18.576],[121.765,-18.553],[121.791,-18.504],[121.795,-18.518],[121.817,-18.492],[121.81,-18.481],[121.803,-18.508],[121.789,-18.484],[121.815,-18.451],[121.84,-18.444],[121.872,-18.472],[121.947,-18.439],[122.017,-18.391],[122.064,-18.326],[122.13,-18.307],[122.198,-18.231],[122.185,-18.248],[122.2,-18.25],[122.215,-18.204],[122.315,-18.172],[122.37,-18.116],[122.378,-17.99],[122.251,-17.952],[122.207,-18.009],[122.175,-17.974],[122.205,-17.945],[122.213,-17.874],[122.2,-17.685],[122.145,-17.56],[122.15,-17.355],[122.173,-17.264],[122.187,-17.24],[122.211,-17.24],[122.226,-17.186],[122.243,-17.196],[122.241,-17.169],[122.252,-17.158],[122.257,-17.169],[122.282,-17.145],[122.319,-17.159],[122.288,-17.14],[122.318,-17.13],[122.293,-17.13],[122.293,-17.119],[122.267,-17.137],[122.253,-17.12],[122.296,-17.067],[122.351,-17.037],[122.366,-16.998],[122.47,-16.936],[122.431,-16.983],[122.468,-16.969],[122.469,-16.986],[122.481,-16.981],[122.48,-16.895],[122.49,-16.919],[122.52,-16.934],[122.508,-16.954],[122.528,-16.948],[122.554,-16.962],[122.612,-16.965],[122.596,-16.964],[122.57,-16.929],[122.534,-16.837],[122.549,-16.82],[122.551,-16.835],[122.571,-16.836],[122.553,-16.805],[122.579,-16.762],[122.61,-16.766],[122.637,-16.801],[122.734,-16.778],[122.757,-16.746],[122.743,-16.772],[122.774,-16.751],[122.787,-16.772],[122.782,-16.747],[122.846,-16.792],[122.821,-16.757],[122.838,-16.744],[122.81,-16.753],[122.776,-16.735],[122.784,-16.696],[122.763,-16.71],[122.742,-16.683],[122.771,-16.629],[122.771,-16.59],[122.81,-16.545],[122.795,-16.572],[122.833,-16.561],[122.816,-16.556],[122.848,-16.547],[122.861,-16.519],[122.884,-16.53],[122.854,-16.513],[122.904,-16.489],[122.898,-16.447],[122.925,-16.389],[122.955,-16.402],[122.988,-16.381],[122.982,-16.406],[122.992,-16.38],[123.039,-16.359],[123.02,-16.378],[123.035,-16.4],[123.015,-16.406],[123.043,-16.44],[123.077,-16.44],[123.045,-16.474],[123.043,-16.459],[123.015,-16.452],[122.983,-16.465],[122.979,-16.477],[122.997,-16.486],[122.971,-16.516],[123.008,-16.528],[122.954,-16.58],[122.997,-16.602],[122.996,-16.641],[123.023,-16.605],[123.039,-16.621],[123.036,-16.672],[123.051,-16.691],[123.079,-16.693],[123.084,-16.665],[123.094,-16.709],[123.127,-16.711],[123.139,-16.688],[123.145,-16.708],[123.133,-16.738],[123.103,-16.745],[123.103,-16.784],[123.135,-16.791],[123.161,-16.818],[123.173,-16.859],[123.154,-16.878],[123.149,-16.925],[123.235,-16.97],[123.263,-17.012],[123.291,-17.108],[123.345,-17.163],[123.383,-17.24],[123.393,-17.316],[123.459,-17.351],[123.483,-17.397],[123.514,-17.418],[123.512,-17.436],[123.538,-17.454],[123.534,-17.482],[123.545,-17.469],[123.544,-17.501],[123.577,-17.524],[123.58,-17.584],[123.6,-17.516],[123.58,-17.484],[123.583,-17.425],[123.564,-17.406],[123.581,-17.35],[123.594,-17.362],[123.603,-17.339],[123.624,-17.199],[123.646,-17.184],[123.591,-17.101],[123.584,-17.033],[123.601,-17.011],[123.648,-17.0],[123.66,-17.04],[123.689,-17.06],[123.704,-17.043],[123.741,-17.068],[123.789,-17.152],[123.862,-17.217],[123.912,-17.212],[123.888,-17.203],[123.83,-17.135],[123.796,-17.004],[123.82,-16.998],[123.803,-16.986],[123.827,-16.957],[123.959,-16.852],[123.951,-16.818],[123.942,-16.852],[123.893,-16.857],[123.884,-16.878],[123.796,-16.912],[123.761,-16.876],[123.758,-16.838],[123.718,-16.785],[123.712,-16.753],[123.682,-16.752],[123.618,-16.679],[123.503,-16.659],[123.521,-16.65],[123.507,-16.643],[123.574,-16.625],[123.556,-16.613],[123.572,-16.608],[123.563,-16.588],[123.602,-16.582],[123.589,-16.567],[123.619,-16.574],[123.615,-16.554],[123.589,-16.538],[123.579,-16.55],[123.526,-16.544],[123.542,-16.572],[123.518,-16.566],[123.512,-16.598],[123.494,-16.571],[123.513,-16.568],[123.464,-16.535],[123.468,-16.518],[123.429,-16.511],[123.429,-16.499],[123.497,-16.515],[123.495,-16.494],[123.461,-16.477],[123.473,-16.47],[123.544,-16.505],[123.534,-16.509],[123.643,-16.53],[123.583,-16.499],[123.663,-16.491],[123.599,-16.449],[123.505,-16.42],[123.503,-16.407],[123.582,-16.428],[123.511,-16.391],[123.509,-16.38],[123.598,-16.406],[123.605,-16.416],[123.592,-16.417],[123.608,-16.426],[123.621,-16.43],[123.63,-16.423],[123.666,-16.437],[123.697,-16.415],[123.68,-16.416],[123.688,-16.405],[123.648,-16.385],[123.629,-16.357],[123.659,-16.363],[123.664,-16.383],[123.663,-16.368],[123.717,-16.372],[123.697,-16.338],[123.627,-16.29],[123.611,-16.287],[123.624,-16.317],[123.593,-16.311],[123.599,-16.323],[123.55,-16.283],[123.55,-16.263],[123.566,-16.276],[123.599,-16.264],[123.576,-16.245],[123.617,-16.262],[123.61,-16.244],[123.58,-16.239],[123.602,-16.232],[123.564,-16.216],[123.601,-16.216],[123.564,-16.21],[123.572,-16.192],[123.557,-16.178],[123.613,-16.16],[123.636,-16.176],[123.62,-16.158],[123.655,-16.168],[123.66,-16.153],[123.676,-16.163],[123.665,-16.151],[123.693,-16.151],[123.701,-16.19],[123.714,-16.168],[123.703,-16.154],[123.723,-16.171],[123.713,-16.154],[123.728,-16.157],[123.703,-16.129],[123.771,-16.171],[123.797,-16.209],[123.815,-16.22],[123.772,-16.216],[123.797,-16.263],[123.783,-16.243],[123.783,-16.262],[123.777,-16.252],[123.743,-16.253],[123.741,-16.263],[123.783,-16.298],[123.783,-16.284],[123.796,-16.316],[123.81,-16.321],[123.8,-16.304],[123.866,-16.328],[123.86,-16.35],[123.876,-16.347],[123.866,-16.362],[123.876,-16.378],[123.836,-16.354],[123.854,-16.435],[123.871,-16.447],[123.867,-16.413],[123.9,-16.423],[123.884,-16.354],[123.909,-16.363],[123.886,-16.343],[123.917,-16.352],[123.884,-16.304],[123.941,-16.36],[123.976,-16.379],[123.988,-16.37],[123.934,-16.298],[123.961,-16.28],[124.0,-16.292],[123.916,-16.231],[123.91,-16.21],[123.97,-16.254],[124.003,-16.255],[124.0,-16.265],[124.026,-16.256],[124.042,-16.278],[124.124,-16.28],[124.18,-16.31],[124.202,-16.405],[124.211,-16.398],[124.223,-16.418],[124.325,-16.415],[124.332,-16.439],[124.308,-16.455],[124.319,-16.469],[124.39,-16.445],[124.407,-16.479],[124.392,-16.505],[124.415,-16.51],[124.392,-16.533],[124.41,-16.543],[124.428,-16.518],[124.436,-16.526],[124.43,-16.498],[124.443,-16.509],[124.444,-16.495],[124.468,-16.499],[124.441,-16.475],[124.419,-16.485],[124.403,-16.47],[124.389,-16.415],[124.337,-16.419],[124.387,-16.346],[124.407,-16.373],[124.426,-16.367],[124.431,-16.394],[124.45,-16.389],[124.449,-16.411],[124.501,-16.401],[124.6,-16.414],[124.745,-16.39],[124.841,-16.434],[124.917,-16.421],[124.922,-16.391],[124.948,-16.393],[124.953,-16.371],[124.918,-16.388],[124.901,-16.416],[124.814,-16.416],[124.788,-16.386],[124.725,-16.372],[124.693,-16.345],[124.571,-16.329],[124.424,-16.36],[124.406,-16.334],[124.395,-16.339],[124.411,-16.294],[124.385,-16.276],[124.408,-16.251],[124.379,-16.217],[124.4,-16.202],[124.389,-16.191],[124.399,-16.169],[124.435,-16.179],[124.45,-16.122],[124.444,-16.065],[124.477,-16.079],[124.48,-16.094],[124.458,-16.103],[124.514,-16.165],[124.508,-16.206],[124.519,-16.179],[124.526,-16.195],[124.525,-16.181],[124.537,-16.184],[124.527,-16.162],[124.561,-16.119],[124.599,-16.127],[124.647,-16.098],[124.618,-16.09],[124.607,-16.113],[124.588,-16.11],[124.589,-15.973],[124.62,-15.996],[124.616,-15.982],[124.637,-15.984],[124.634,-15.999],[124.643,-15.988],[124.639,-15.981],[124.606,-15.97],[124.616,-15.965],[124.598,-15.968],[124.597,-15.943],[124.626,-15.921],[124.608,-15.891],[124.655,-15.854],[124.682,-15.889],[124.682,-15.85],[124.712,-15.839],[124.705,-15.814],[124.742,-15.822],[124.701,-15.784],[124.719,-15.77],[124.703,-15.766],[124.704,-15.75],[124.694,-15.783],[124.675,-15.785],[124.705,-15.741],[124.66,-15.782],[124.634,-15.79],[124.633,-15.779],[124.499,-15.998],[124.492,-15.959],[124.512,-15.934],[124.492,-15.936],[124.487,-15.92],[124.477,-15.942],[124.475,-15.886],[124.479,-15.893],[124.499,-15.89],[124.484,-15.89],[124.484,-15.867],[124.461,-15.854],[124.459,-15.818],[124.477,-15.82],[124.461,-15.803],[124.443,-15.809],[124.458,-15.811],[124.439,-15.87],[124.425,-15.848],[124.418,-15.877],[124.409,-15.864],[124.41,-15.806],[124.386,-15.718],[124.396,-15.731],[124.408,-15.72],[124.424,-15.733],[124.437,-15.711],[124.409,-15.711],[124.397,-15.726],[124.393,-15.677],[124.369,-15.672],[124.39,-15.662],[124.413,-15.681],[124.414,-15.637],[124.422,-15.667],[124.444,-15.67],[124.457,-15.656],[124.434,-15.623],[124.45,-15.603],[124.452,-15.616],[124.501,-15.637],[124.497,-15.616],[124.454,-15.614],[124.454,-15.592],[124.433,-15.608],[124.431,-15.588],[124.41,-15.609],[124.416,-15.62],[124.405,-15.615],[124.43,-15.574],[124.418,-15.549],[124.446,-15.529],[124.466,-15.537],[124.462,-15.512],[124.487,-15.497],[124.496,-15.517],[124.51,-15.525],[124.493,-15.486],[124.446,-15.506],[124.477,-15.478],[124.507,-15.484],[124.518,-15.469],[124.555,-15.503],[124.58,-15.5],[124.58,-15.52],[124.617,-15.504],[124.629,-15.526],[124.639,-15.504],[124.622,-15.501],[124.618,-15.466],[124.646,-15.425],[124.642,-15.463],[124.677,-15.478],[124.674,-15.498],[124.691,-15.468],[124.672,-15.453],[124.669,-15.429],[124.687,-15.414],[124.676,-15.401],[124.745,-15.362],[124.705,-15.36],[124.705,-15.344],[124.662,-15.355],[124.672,-15.346],[124.656,-15.337],[124.662,-15.325],[124.691,-15.333],[124.707,-15.321],[124.697,-15.296],[124.667,-15.297],[124.679,-15.289],[124.675,-15.255],[124.701,-15.278],[124.705,-15.253],[124.771,-15.302],[124.736,-15.343],[124.753,-15.354],[124.783,-15.294],[124.831,-15.326],[124.822,-15.312],[124.847,-15.299],[124.836,-15.316],[124.848,-15.329],[124.841,-15.341],[124.848,-15.353],[124.862,-15.359],[124.876,-15.343],[124.932,-15.375],[124.927,-15.394],[124.945,-15.396],[124.946,-15.384],[124.971,-15.421],[124.979,-15.41],[125.003,-15.448],[124.952,-15.475],[124.953,-15.489],[124.984,-15.476],[124.962,-15.489],[124.981,-15.483],[124.982,-15.495],[124.996,-15.477],[124.987,-15.506],[125.0,-15.51],[125.004,-15.477],[125.018,-15.471],[125.023,-15.506],[125.002,-15.518],[125.017,-15.545],[125.022,-15.515],[125.055,-15.499],[125.047,-15.474],[125.089,-15.463],[125.225,-15.572],[125.421,-15.696],[125.301,-15.614],[125.277,-15.588],[125.288,-15.584],[125.255,-15.581],[125.226,-15.54],[125.217,-15.553],[125.141,-15.482],[125.07,-15.44],[125.091,-15.355],[125.14,-15.333],[125.144,-15.348],[125.144,-15.327],[125.164,-15.331],[125.158,-15.306],[125.153,-15.322],[125.125,-15.317],[125.089,-15.338],[125.11,-15.32],[125.099,-15.314],[125.116,-15.302],[125.102,-15.29],[125.119,-15.256],[125.1,-15.286],[125.09,-15.248],[125.087,-15.264],[125.077,-15.248],[125.073,-15.254],[125.096,-15.283],[125.08,-15.291],[125.094,-15.292],[125.081,-15.314],[125.04,-15.301],[125.045,-15.284],[125.031,-15.275],[125.026,-15.3],[124.979,-15.329],[124.92,-15.356],[124.898,-15.34],[124.907,-15.317],[124.891,-15.328],[124.883,-15.316],[124.895,-15.305],[124.876,-15.302],[124.894,-15.272],[124.905,-15.276],[124.905,-15.256],[124.923,-15.27],[124.927,-15.229],[124.969,-15.212],[125.006,-15.242],[125.041,-15.179],[125.06,-15.181],[125.056,-15.164],[125.02,-15.17],[125.014,-15.155],[124.993,-15.198],[124.982,-15.191],[124.995,-15.162],[124.985,-15.176],[124.97,-15.164],[124.971,-15.208],[124.935,-15.187],[124.944,-15.213],[124.923,-15.226],[124.917,-15.215],[124.908,-15.246],[124.876,-15.262],[124.892,-15.23],[124.869,-15.244],[124.881,-15.208],[124.864,-15.195],[124.896,-15.173],[124.855,-15.184],[124.862,-15.169],[124.838,-15.183],[124.846,-15.163],[124.834,-15.158],[124.91,-15.107],[124.943,-15.126],[124.952,-15.113],[124.974,-15.135],[125.011,-15.094],[125.03,-15.113],[125.048,-15.077],[125.02,-15.047],[125.026,-15.031],[125.014,-15.035],[125.025,-14.992],[125.012,-14.983],[125.033,-14.996],[125.045,-14.984],[125.056,-15.0],[125.074,-14.976],[125.093,-14.988],[125.059,-15.028],[125.083,-15.041],[125.072,-15.065],[125.101,-15.064],[125.106,-15.033],[125.126,-15.044],[125.122,-15.092],[125.163,-15.151],[125.174,-15.13],[125.224,-15.121],[125.212,-15.116],[125.225,-15.103],[125.244,-15.113],[125.266,-15.1],[125.271,-15.114],[125.281,-15.098],[125.282,-15.144],[125.335,-15.163],[125.332,-15.146],[125.346,-15.143],[125.368,-15.156],[125.378,-15.143],[125.412,-15.158],[125.481,-15.155],[125.448,-15.138],[125.479,-15.134],[125.397,-15.132],[125.358,-15.108],[125.402,-15.085],[125.402,-15.064],[125.37,-15.074],[125.375,-15.053],[125.411,-15.047],[125.482,-14.999],[125.441,-14.999],[125.444,-15.014],[125.421,-15.022],[125.409,-14.999],[125.409,-15.025],[125.386,-15.033],[125.365,-14.991],[125.353,-15.009],[125.337,-15.003],[125.34,-14.987],[125.319,-15.006],[125.286,-14.999],[125.278,-14.979],[125.305,-14.962],[125.271,-14.96],[125.254,-14.978],[125.258,-14.944],[125.24,-14.942],[125.234,-14.965],[125.214,-14.97],[125.208,-14.947],[125.221,-14.949],[125.231,-14.919],[125.255,-14.927],[125.256,-14.9],[125.27,-14.933],[125.295,-14.938],[125.308,-14.92],[125.295,-14.904],[125.308,-14.909],[125.307,-14.891],[125.334,-14.881],[125.305,-14.881],[125.287,-14.853],[125.274,-14.87],[125.272,-14.854],[125.264,-14.865],[125.254,-14.853],[125.251,-14.872],[125.236,-14.868],[125.244,-14.832],[125.224,-14.867],[125.21,-14.865],[125.209,-14.843],[125.184,-14.827],[125.205,-14.791],[125.19,-14.775],[125.167,-14.791],[125.141,-14.748],[125.16,-14.732],[125.189,-14.747],[125.18,-14.71],[125.201,-14.698],[125.211,-14.722],[125.213,-14.669],[125.234,-14.661],[125.262,-14.693],[125.261,-14.658],[125.308,-14.65],[125.288,-14.623],[125.28,-14.64],[125.257,-14.631],[125.267,-14.643],[125.248,-14.653],[125.236,-14.633],[125.228,-14.658],[125.204,-14.651],[125.244,-14.614],[125.257,-14.63],[125.255,-14.598],[125.304,-14.58],[125.3,-14.558],[125.326,-14.584],[125.328,-14.559],[125.348,-14.565],[125.342,-14.522],[125.364,-14.506],[125.355,-14.552],[125.369,-14.564],[125.355,-14.584],[125.4,-14.573],[125.41,-14.546],[125.425,-14.586],[125.413,-14.601],[125.438,-14.614],[125.43,-14.641],[125.45,-14.624],[125.437,-14.595],[125.463,-14.605],[125.452,-14.579],[125.483,-14.568],[125.467,-14.559],[125.467,-14.536],[125.48,-14.532],[125.491,-14.56],[125.489,-14.519],[125.52,-14.5],[125.529,-14.522],[125.561,-14.515],[125.548,-14.548],[125.53,-14.546],[125.535,-14.564],[125.599,-14.563],[125.572,-14.548],[125.614,-14.511],[125.588,-14.506],[125.601,-14.494],[125.601,-14.434],[125.622,-14.413],[125.623,-14.386],[125.589,-14.37],[125.604,-14.344],[125.582,-14.305],[125.599,-14.274],[125.574,-14.262],[125.592,-14.244],[125.608,-14.262],[125.596,-14.237],[125.629,-14.234],[125.642,-14.266],[125.649,-14.243],[125.667,-14.288],[125.703,-14.304],[125.718,-14.277],[125.73,-14.281],[125.715,-14.297],[125.724,-14.312],[125.697,-14.325],[125.726,-14.325],[125.726,-14.342],[125.7,-14.348],[125.67,-14.332],[125.678,-14.357],[125.652,-14.386],[125.689,-14.499],[125.647,-14.648],[125.709,-14.487],[125.774,-14.48],[125.806,-14.444],[125.816,-14.452],[125.803,-14.479],[125.852,-14.457],[125.859,-14.475],[125.817,-14.498],[125.85,-14.536],[125.829,-14.543],[125.85,-14.564],[125.831,-14.585],[125.849,-14.592],[125.851,-14.612],[125.876,-14.606],[125.895,-14.623],[125.91,-14.662],[125.921,-14.64],[125.921,-14.651],[125.937,-14.643],[125.933,-14.609],[125.903,-14.576],[125.921,-14.537],[125.946,-14.539],[125.965,-14.519],[125.973,-14.546],[126.0,-14.555],[126.015,-14.519],[126.051,-14.53],[126.046,-14.472],[126.025,-14.458],[126.02,-14.411],[125.985,-14.42],[125.977,-14.393],[126.006,-14.4],[126.046,-14.359],[126.088,-14.351],[126.073,-14.344],[126.074,-14.326],[126.09,-14.323],[126.053,-14.254],[126.081,-14.234],[126.094,-14.244],[126.133,-14.231],[126.16,-14.176],[126.141,-14.158],[126.17,-14.146],[126.104,-14.076],[126.088,-14.086],[126.064,-14.073],[126.033,-14.095],[125.993,-14.068],[125.976,-14.04],[125.984,-13.99],[125.984,-14.006],[126.014,-14.025],[126.01,-14.065],[126.027,-14.017],[126.035,-14.038],[126.056,-14.027],[126.022,-13.997],[126.038,-13.982],[126.065,-13.988],[126.075,-14.041],[126.103,-14.041],[126.086,-13.988],[126.107,-13.977],[126.084,-13.982],[126.011,-13.926],[126.039,-13.921],[126.063,-13.943],[126.095,-13.895],[126.085,-13.921],[126.108,-13.919],[126.086,-13.946],[126.105,-13.926],[126.132,-13.944],[126.134,-13.919],[126.158,-13.915],[126.148,-13.95],[126.126,-13.964],[126.159,-13.97],[126.131,-13.987],[126.11,-14.028],[126.187,-13.968],[126.216,-13.968],[126.221,-13.988],[126.193,-13.98],[126.144,-14.015],[126.185,-14.016],[126.201,-14.001],[126.225,-14.026],[126.217,-14.043],[126.16,-14.058],[126.151,-14.08],[126.192,-14.066],[126.17,-14.082],[126.166,-14.114],[126.178,-14.091],[126.214,-14.076],[126.206,-14.092],[126.222,-14.11],[126.179,-14.13],[126.209,-14.136],[126.186,-14.167],[126.205,-14.185],[126.243,-14.176],[126.233,-14.187],[126.248,-14.186],[126.248,-14.211],[126.233,-14.204],[126.216,-14.237],[126.241,-14.223],[126.254,-14.239],[126.273,-14.207],[126.27,-14.237],[126.282,-14.217],[126.301,-14.234],[126.313,-14.201],[126.361,-14.19],[126.321,-14.141],[126.305,-14.155],[126.298,-14.139],[126.314,-14.097],[126.345,-14.098],[126.334,-14.05],[126.394,-14.052],[126.397,-14.015],[126.425,-14.012],[126.438,-13.983],[126.454,-14.005],[126.485,-13.996],[126.495,-13.958],[126.511,-13.965],[126.537,-13.934],[126.566,-13.955],[126.539,-13.964],[126.509,-14.009],[126.491,-14.009],[126.497,-14.046],[126.449,-14.084],[126.455,-14.104],[126.479,-14.11],[126.514,-14.075],[126.525,-14.082],[126.499,-14.1],[126.499,-14.13],[126.515,-14.157],[126.57,-14.14],[126.565,-14.217],[126.575,-14.229],[126.602,-14.236],[126.607,-14.18],[126.634,-14.191],[126.651,-14.173],[126.661,-14.115],[126.645,-14.077],[126.686,-14.104],[126.689,-14.091],[126.694,-14.135],[126.72,-14.121],[126.71,-14.1],[126.737,-14.07],[126.723,-14.065],[126.763,-14.05],[126.747,-14.031],[126.754,-14.011],[126.723,-14.029],[126.702,-14.021],[126.706,-13.973],[126.729,-13.997],[126.752,-13.992],[126.751,-13.972],[126.772,-13.983],[126.797,-13.973],[126.792,-13.984],[126.807,-13.986],[126.793,-13.989],[126.801,-13.993],[126.81,-13.984],[126.81,-13.998],[126.838,-13.971],[126.879,-13.982],[126.882,-13.999],[126.905,-13.985],[126.839,-13.928],[126.806,-13.93],[126.8,-13.883],[126.773,-13.861],[126.743,-13.792],[126.767,-13.776],[126.764,-13.791],[126.789,-13.791],[126.819,-13.769],[126.826,-13.809],[126.842,-13.817],[126.847,-13.798],[126.873,-13.799],[126.851,-13.758],[126.881,-13.749],[126.922,-13.776],[126.944,-13.768],[126.914,-13.741],[126.963,-13.742],[126.984,-13.754],[126.986,-13.787],[126.996,-13.791],[126.998,-13.769],[127.002,-13.794],[127.013,-13.785],[127.031,-13.804],[127.006,-13.824],[127.03,-13.817],[127.037,-13.832],[127.047,-13.806],[127.056,-13.828],[127.044,-13.849],[127.081,-13.84],[127.061,-13.908],[127.103,-13.884],[127.109,-13.914],[127.094,-13.927],[127.123,-13.948],[127.118,-13.971],[127.143,-13.982],[127.158,-13.934],[127.179,-13.926],[127.17,-13.911],[127.191,-13.904],[127.19,-13.957],[127.199,-13.945],[127.208,-13.974],[127.21,-13.945],[127.227,-13.943],[127.247,-13.9],[127.266,-13.902],[127.283,-13.919],[127.276,-13.938],[127.291,-13.934],[127.318,-13.961],[127.346,-13.955],[127.322,-13.915],[127.347,-13.907],[127.411,-13.961],[127.43,-13.943],[127.425,-13.967],[127.467,-14.001],[127.449,-14.025],[127.453,-14.059],[127.478,-14.062],[127.483,-14.085],[127.493,-14.061],[127.505,-14.075],[127.524,-14.069],[127.508,-14.088],[127.538,-14.086],[127.524,-14.12],[127.557,-14.105],[127.589,-14.144],[127.616,-14.144],[127.648,-14.17],[127.634,-14.179],[127.67,-14.191],[127.665,-14.21],[127.692,-14.232],[127.683,-14.243],[127.711,-14.253],[127.78,-14.333],[127.761,-14.367],[127.782,-14.351],[127.788,-14.388],[127.807,-14.383],[127.81,-14.402],[127.828,-14.403],[127.82,-14.441],[127.85,-14.484],[127.88,-14.471],[127.902,-14.505],[127.929,-14.503],[127.949,-14.524],[127.927,-14.558],[127.954,-14.571],[127.953,-14.586],[127.985,-14.58],[127.993,-14.556],[128.069,-14.621],[128.069,-14.65],[128.087,-14.639],[128.131,-14.664],[128.131,-14.687],[128.15,-14.686],[128.161,-14.708],[128.201,-14.706],[128.222,-14.721],[128.218,-14.755],[128.201,-14.738],[128.184,-14.744],[128.175,-14.792],[128.192,-14.839],[128.119,-14.861],[128.139,-14.871],[128.108,-14.947],[128.103,-15.065],[128.075,-15.104],[128.099,-15.167],[128.08,-15.233],[128.093,-15.281],[128.066,-15.301],[128.04,-15.293],[128.066,-15.312],[128.089,-15.39],[128.052,-15.479],[128.019,-15.494],[127.999,-15.518],[128.068,-15.492],[128.114,-15.428],[128.128,-15.292],[128.1,-15.25],[128.128,-15.184],[128.258,-15.306],[128.282,-15.346],[128.292,-15.46],[128.327,-15.505],[128.342,-15.501],[128.299,-15.46],[128.301,-15.32],[128.24,-15.248],[128.22,-15.204],[128.221,-15.131],[128.194,-15.094],[128.228,-15.003],[128.265,-14.983],[128.289,-14.974],[128.331,-15.035],[128.292,-14.967],[128.296,-14.937],[128.314,-14.926],[128.362,-15.067],[128.374,-15.061],[128.358,-14.991],[128.41,-15.032],[128.349,-14.968],[128.358,-14.885],[128.449,-15.002],[128.402,-14.879],[128.422,-14.882],[128.519,-15.015],[128.508,-14.974],[128.47,-14.931],[128.477,-14.912],[128.467,-14.889],[128.427,-14.841],[128.381,-14.823],[128.393,-14.804],[128.419,-14.795],[128.436,-14.812],[128.475,-14.786],[128.536,-14.787],[128.528,-14.78],[128.55,-14.768],[128.587,-14.808],[128.623,-14.804],[128.613,-14.787],[128.679,-14.796],[128.738,-14.839],[128.777,-14.841],[128.768,-14.853],[128.788,-14.86],[128.906,-14.856],[128.967,-14.885],[129.001,-14.879],[129.001,-31.687],[128.896,-31.717],[128.642,-31.851],[128.314,-31.979],[128.022,-32.074],[127.706,-32.137],[127.585,-32.175],[127.519,-32.214],[127.326,-32.257],[126.957,-32.298],[126.773,-32.292],[126.673,-32.308],[126.422,-32.284],[126.203,-32.232],[126.081,-32.275],[126.037,-32.269],[125.951,-32.291],[125.801,-32.367],[125.532,-32.549],[125.315,-32.608],[125.102,-32.715],[125.026,-32.729],[124.895,-32.833],[124.814,-32.873],[124.741,-32.9],[124.394,-32.949],[124.239,-33.018],[124.154,-33.096],[124.101,-33.176],[123.998,-33.426],[123.976,-33.559],[123.875,-33.599],[123.878,-33.633],[123.774,-33.698],[123.747,-33.765],[123.764,-33.795],[123.656,-33.847],[123.639,-33.877],[123.573,-33.888],[123.534,-33.94],[123.512,-33.943],[123.508,-33.922],[123.474,-33.906],[123.371,-33.896],[123.33,-33.919],[123.287,-33.98],[123.163,-34.017],[123.152,-34.011],[123.172,-33.99],[123.148,-33.976],[123.161,-33.946],[123.134,-33.904],[123.083,-33.872],[123.023,-33.857],[122.976,-33.902],[122.935,-33.886],[122.829,-33.91],[122.774,-33.878],[122.748,-33.896],[122.619,-33.893],[122.582,-33.916],[122.597,-33.937],[122.572,-33.961],[122.558,-33.937],[122.51,-33.953],[122.501,-33.937],[122.444,-33.919],[122.364,-33.914],[122.354,-33.933],[122.326,-33.929],[122.275,-33.959],[122.277,-34.001],[122.249,-34.005],[122.227,-33.988],[122.193,-34.017],[122.165,-34.002],[122.114,-34.017],[122.113,-34.0],[122.093,-34.003],[122.119,-33.98],[122.085,-33.903],[122.001,-33.829],[121.915,-33.838],[121.894,-33.864],[121.908,-33.868],[121.9,-33.879],[121.79,-33.909],[121.695,-33.861],[121.645,-33.898],[121.628,-33.869],[121.547,-33.828],[121.505,-33.84],[121.468,-33.823],[121.429,-33.83],[121.362,-33.815],[121.349,-33.83],[121.299,-33.825],[121.268,-33.851],[121.199,-33.845],[121.177,-33.878],[121.1,-33.849],[121.008,-33.873],[120.869,-33.856],[120.813,-33.893],[120.593,-33.886],[120.553,-33.903],[120.558,-33.926],[120.437,-33.972],[120.231,-33.932],[120.127,-33.954],[120.042,-33.923],[119.991,-33.936],[119.944,-33.978],[119.851,-33.97],[119.816,-33.983],[119.734,-34.061],[119.65,-34.088],[119.64,-34.113],[119.597,-34.135],[119.579,-34.16],[119.588,-34.171],[119.535,-34.221],[119.504,-34.288],[119.457,-34.289],[119.503,-34.29],[119.507,-34.359],[119.576,-34.387],[119.503,-34.411],[119.478,-34.402],[119.492,-34.393],[119.483,-34.375],[119.416,-34.373],[119.391,-34.419],[119.419,-34.459],[119.39,-34.46],[119.382,-34.485],[119.356,-34.475],[119.366,-34.462],[119.346,-34.446],[119.29,-34.452],[119.271,-34.469],[119.285,-34.513],[119.258,-34.519],[119.254,-34.535],[119.222,-34.531],[119.239,-34.516],[119.218,-34.498],[119.181,-34.486],[119.152,-34.495],[119.069,-34.459],[118.961,-34.451],[118.912,-34.463],[118.901,-34.476],[118.914,-34.503],[118.812,-34.509],[118.755,-34.546],[118.745,-34.594],[118.782,-34.609],[118.722,-34.657],[118.666,-34.668],[118.645,-34.691],[118.52,-34.717],[118.44,-34.761],[118.4,-34.824],[118.397,-34.877],[118.422,-34.881],[118.428,-34.899],[118.403,-34.917],[118.334,-34.891],[118.3,-34.912],[118.224,-34.92],[118.211,-34.944],[118.175,-34.94],[118.173,-34.968],[118.211,-34.979],[118.187,-35.025],[118.192,-35.013],[118.167,-34.995],[118.109,-34.986],[118.035,-35.02],[117.962,-35.013],[117.949,-35.002],[117.98,-34.991],[117.977,-34.952],[117.949,-34.944],[117.949,-34.998],[117.919,-35.017],[117.92,-35.036],[117.86,-35.027],[117.848,-35.045],[117.909,-35.084],[117.928,-35.073],[117.91,-35.054],[117.92,-35.041],[117.944,-35.092],[118.002,-35.088],[118.021,-35.108],[117.976,-35.099],[117.948,-35.128],[117.941,-35.115],[117.899,-35.123],[117.762,-35.055],[117.686,-35.043],[117.645,-35.062],[117.651,-35.084],[117.628,-35.113],[117.64,-35.134],[117.611,-35.133],[117.606,-35.115],[117.549,-35.083],[117.514,-35.075],[117.485,-35.089],[117.397,-35.032],[117.332,-35.023],[117.396,-34.998],[117.428,-35.022],[117.466,-35.021],[117.452,-35.01],[117.48,-34.994],[117.455,-34.967],[117.429,-34.986],[117.369,-34.969],[117.355,-34.993],[117.334,-34.994],[117.326,-35.044],[117.272,-35.021],[117.195,-35.017],[117.165,-35.027],[117.15,-35.061],[117.098,-35.032],[117.019,-35.036],[116.957,-35.019],[116.921,-35.064],[116.885,-35.048],[116.862,-35.057],[116.768,-35.015],[116.742,-35.023],[116.745,-35.037],[116.707,-35.029],[116.63,-35.061],[116.61,-35.033],[116.572,-35.033],[116.533,-35.004],[116.482,-35.016],[116.37,-34.934],[116.261,-34.88],[116.134,-34.844],[116.002,-34.842],[116.003,-34.812],[115.947,-34.721],[115.743,-34.539],[115.578,-34.422],[115.541,-34.423],[115.52,-34.397],[115.345,-34.316],[115.263,-34.307],[115.169,-34.322],[115.165,-34.301],[115.202,-34.278],[115.169,-34.28],[115.177,-34.266],[115.156,-34.275],[115.16,-34.295],[115.144,-34.289],[115.16,-34.298],[115.165,-34.323],[115.173,-34.323],[115.166,-34.357],[115.134,-34.376],[115.119,-34.341],[115.024,-34.253],[115.039,-34.198],[114.991,-34.098],[115.004,-34.081],[115.001,-34.015],[114.98,-33.961],[114.992,-33.933],[114.976,-33.864],[114.994,-33.848],[115.0,-33.794],[114.975,-33.698],[114.99,-33.696],[114.995,-33.669],[115.028,-33.634],[115.004,-33.531],[115.089,-33.568],[115.123,-33.624],[115.207,-33.651],[115.3,-33.655],[115.367,-33.639],[115.428,-33.608],[115.574,-33.454],[115.636,-33.309],[115.646,-33.301],[115.64,-33.319],[115.666,-33.322],[115.688,-33.109],[115.608,-32.667],[115.628,-32.6],[115.711,-32.521],[115.718,-32.558],[115.671,-32.575],[115.673,-32.594],[115.641,-32.619],[115.673,-32.728],[115.712,-32.788],[115.713,-32.773],[115.726,-32.782],[115.727,-32.753],[115.71,-32.741],[115.666,-32.616],[115.704,-32.644],[115.724,-32.632],[115.747,-32.646],[115.774,-32.636],[115.778,-32.596],[115.755,-32.565],[115.719,-32.564],[115.722,-32.523],[115.712,-32.521],[115.738,-32.502],[115.75,-32.44],[115.744,-32.403],[115.713,-32.37],[115.736,-32.362],[115.743,-32.334],[115.731,-32.31],[115.702,-32.305],[115.685,-32.266],[115.737,-32.27],[115.775,-32.194],[115.766,-32.14],[115.737,-32.135],[115.763,-32.109],[115.732,-32.056],[115.778,-32.029],[115.787,-32.011],[115.814,-32.029],[115.846,-32.002],[115.861,-32.046],[115.872,-32.031],[115.857,-32.031],[115.845,-31.965],[115.884,-31.969],[115.886,-31.941],[115.899,-31.954],[115.915,-31.951],[115.91,-31.936],[115.936,-31.931],[115.941,-31.92],[115.951,-31.923],[115.964,-31.908],[115.959,-31.895],[115.974,-31.894],[115.958,-31.895],[115.951,-31.922],[115.941,-31.92],[115.909,-31.935],[115.914,-31.95],[115.885,-31.938],[115.883,-31.967],[115.843,-31.963],[115.804,-32.003],[115.774,-31.989],[115.78,-32.019],[115.724,-32.054],[115.751,-32.022],[115.752,-31.848],[115.732,-31.824],[115.73,-31.766],[115.686,-31.654],[115.58,-31.496],[115.539,-31.408],[115.441,-31.278],[115.313,-30.973],[115.22,-30.833],[115.19,-30.825],[115.183,-30.772],[115.088,-30.578],[115.094,-30.549],[115.058,-30.51],[115.071,-30.478],[115.042,-30.338],[115.02,-30.317],[115.046,-30.291],[115.043,-30.274],[115.028,-30.237],[114.994,-30.231],[115.002,-30.132],[114.984,-30.079],[114.963,-30.072],[114.955,-30.049],[114.983,-29.911],[114.958,-29.684],[114.998,-29.494],[114.956,-29.397],[114.954,-29.352],[114.914,-29.277],[114.921,-29.255],[114.872,-29.117],[114.637,-28.878],[114.612,-28.795],[114.576,-28.785],[114.615,-28.763],[114.613,-28.665],[114.534,-28.494],[114.455,-28.41],[114.466,-28.407],[114.433,-28.394],[114.405,-28.335],[114.323,-28.233],[114.239,-28.187],[114.175,-28.111],[114.105,-27.85],[114.124,-27.773],[114.182,-27.68],[114.173,-27.659],[114.163,-27.707],[114.104,-27.503],[113.965,-27.231],[113.783,-26.929],[113.584,-26.671],[113.297,-26.4],[113.308,-26.387],[113.278,-26.294],[113.156,-26.152],[113.261,-26.191],[113.27,-26.242],[113.291,-26.126],[113.285,-26.04],[113.299,-26.016],[113.32,-26.126],[113.327,-26.337],[113.339,-26.347],[113.356,-26.331],[113.368,-26.399],[113.394,-26.393]],[[113.395,-26.393],[113.4,-26.418],[113.398,-26.396],[113.395,-26.393]],[[117.977,-34.952],[117.981,-34.94],[117.974,-34.939],[117.977,-34.952]],[[125.035,-15.518],[125.04,-15.522],[125.044,-15.519],[125.035,-15.518]],[[121.795,-18.52],[121.788,-18.538],[121.798,-18.53],[121.795,-18.52]],[[118.851,-20.289],[118.855,-20.291],[118.86,-20.282],[118.851,-20.289]],[[117.55,-20.718],[117.542,-20.736],[117.556,-20.731],[117.55,-20.718]],[[117.175,-20.667],[117.172,-20.655],[117.168,-20.682],[117.184,-20.673],[117.175,-20.667]],[[116.986,-20.672],[116.987,-20.679],[116.987,-20.672],[116.986,-20.672]],[[116.676,-20.733],[116.685,-20.75],[116.686,-20.737],[116.676,-20.733]],[[116.652,-20.736],[116.648,-20.744],[116.658,-20.74],[116.652,-20.736]],[[116.648,-20.745],[116.647,-20.746],[116.654,-20.749],[116.648,-20.745]],[[116.636,-20.742],[116.63,-20.751],[116.64,-20.753],[116.636,-20.742]],[[116.468,-20.827],[116.474,-20.831],[116.481,-20.826],[116.468,-20.827]],[[116.485,-20.842],[116.478,-20.852],[116.485,-20.844],[116.495,-20.851],[116.485,-20.842]],[[116.106,-21.038],[116.099,-21.052],[116.106,-21.04],[116.106,-21.038]],[[115.865,-21.193],[115.852,-21.203],[115.86,-21.204],[115.865,-21.193]],[[115.837,-21.252],[115.844,-21.253],[115.84,-21.244],[115.837,-21.252]],[[115.796,-21.265],[115.796,-21.277],[115.799,-21.27],[115.796,-21.265]],[[115.746,-21.281],[115.739,-21.285],[115.749,-21.289],[115.746,-21.281]],[[115.33,-21.587],[115.334,-21.596],[115.342,-21.596],[115.33,-21.587]],[[113.619,-26.521],[113.622,-26.539],[113.626,-26.524],[113.619,-26.521]],[[115.917,-21.093],[115.915,-21.093],[115.912,-21.102],[115.917,-21.093]],[[116.54,-20.767],[116.542,-20.778],[116.542,-20.766],[116.54,-20.767]],[[117.173,-20.631],[117.166,-20.628],[117.165,-20.635],[117.173,-20.631]],[[117.34,-20.759],[117.32,-20.759],[117.332,-20.771],[117.34,-20.759]],[[122.293,-17.119],[122.302,-17.121],[122.303,-17.112],[122.293,-17.119]],[[124.462,-15.798],[124.462,-15.785],[124.458,-15.783],[124.462,-15.798]],[[115.889,-32.018],[115.883,-32.024],[115.893,-32.021],[115.889,-32.018]]],[[[126.566,-13.944],[126.571,-13.941],[126.577,-13.954],[126.566,-13.944]]],[[[128.473,-14.909],[128.467,-14.928],[128.445,-14.88],[128.473,-14.909]]],[[[128.443,-14.879],[128.44,-14.886],[128.428,-14.863],[128.443,-14.879]]],[[[128.334,-14.758],[128.31,-14.763],[128.295,-14.736],[128.32,-14.741],[128.334,-14.758]]],[[[128.202,-15.141],[128.197,-15.194],[128.126,-15.156],[128.114,-15.122],[128.125,-15.04],[128.152,-15.052],[128.161,-15.093],[128.202,-15.141]]],[[[128.113,-15.172],[128.099,-15.196],[128.105,-15.165],[128.113,-15.172]]],[[[127.875,-14.455],[127.851,-14.48],[127.839,-14.457],[127.863,-14.43],[127.875,-14.455]]],[[[127.823,-14.367],[127.811,-14.378],[127.805,-14.358],[127.811,-14.353],[127.823,-14.367]]],[[[127.716,-14.237],[127.702,-14.242],[127.71,-14.233],[127.716,-14.237]]],[[[127.176,-13.904],[127.157,-13.899],[127.163,-13.883],[127.176,-13.904]]],[[[126.883,-13.99],[126.881,-13.976],[126.82,-13.967],[126.832,-13.961],[126.82,-13.954],[126.869,-13.968],[126.866,-13.956],[126.883,-13.973],[126.883,-13.99]]],[[[126.883,-13.991],[126.894,-13.988],[126.883,-13.993],[126.883,-13.991]]],[[[126.898,-13.986],[126.892,-13.982],[126.901,-13.985],[126.898,-13.986]]],[[[126.824,-13.946],[126.819,-13.95],[126.816,-13.941],[126.824,-13.946]]],[[[126.7,-13.943],[126.677,-13.961],[126.694,-13.931],[126.7,-13.943]]],[[[126.635,-13.871],[126.621,-13.883],[126.615,-13.862],[126.625,-13.853],[126.635,-13.871]]],[[[126.619,-13.891],[126.609,-13.914],[126.594,-13.898],[126.56,-13.903],[126.564,-13.891],[126.514,-13.907],[126.503,-13.886],[126.505,-13.869],[126.523,-13.866],[126.599,-13.897],[126.619,-13.891]]],[[[126.601,-13.936],[126.604,-13.953],[126.595,-13.942],[126.601,-13.936]]],[[[126.593,-14.215],[126.577,-14.217],[126.576,-14.198],[126.586,-14.201],[126.593,-14.215]]],[[[126.587,-14.223],[126.575,-14.226],[126.57,-14.213],[126.575,-14.204],[126.575,-14.217],[126.587,-14.223]]],[[[126.404,-13.989],[126.384,-14.011],[126.362,-13.983],[126.376,-13.975],[126.404,-13.989]]],[[[126.31,-13.927],[126.315,-13.962],[126.3,-13.968],[126.31,-13.927]]],[[[126.319,-13.886],[126.302,-13.883],[126.304,-13.867],[126.319,-13.886]]],[[[126.317,-13.909],[126.312,-13.923],[126.3,-13.921],[126.303,-13.904],[126.317,-13.909]]],[[[126.299,-14.163],[126.285,-14.171],[126.292,-14.16],[126.299,-14.163]]],[[[126.295,-13.941],[126.284,-13.946],[126.272,-13.928],[126.295,-13.941]]],[[[126.243,-14.148],[126.236,-14.162],[126.23,-14.15],[126.243,-14.148]]],[[[126.195,-13.935],[126.165,-13.964],[126.156,-13.961],[126.174,-13.933],[126.195,-13.935]]],[[[126.152,-13.752],[126.15,-13.76],[126.145,-13.749],[126.152,-13.752]]],[[[126.047,-14.328],[126.023,-14.328],[126.018,-14.353],[125.993,-14.336],[125.998,-14.325],[125.987,-14.289],[126.009,-14.281],[126.004,-14.303],[126.023,-14.3],[126.047,-14.328]]],[[[126.043,-14.233],[126.007,-14.249],[125.993,-14.244],[126.018,-14.225],[126.043,-14.233]]],[[[126.005,-14.438],[125.995,-14.448],[125.983,-14.446],[125.988,-14.436],[126.005,-14.438]]],[[[125.995,-14.377],[125.984,-14.389],[125.971,-14.388],[125.983,-14.364],[125.995,-14.377]]],[[[125.994,-14.322],[125.976,-14.338],[125.976,-14.328],[125.994,-14.322]]],[[[125.971,-14.347],[125.944,-14.389],[125.924,-14.377],[125.959,-14.322],[125.971,-14.347]]],[[[125.794,-14.161],[125.788,-14.171],[125.778,-14.158],[125.794,-14.161]]],[[[125.773,-14.327],[125.761,-14.324],[125.767,-14.32],[125.773,-14.327]]],[[[125.757,-14.451],[125.737,-14.477],[125.718,-14.477],[125.728,-14.41],[125.754,-14.416],[125.739,-14.429],[125.757,-14.451]]],[[[125.73,-14.175],[125.731,-14.193],[125.723,-14.183],[125.73,-14.175]]],[[[125.721,-14.352],[125.711,-14.355],[125.708,-14.348],[125.721,-14.352]]],[[[125.704,-14.116],[125.694,-14.14],[125.692,-14.108],[125.704,-14.116]]],[[[125.678,-14.158],[125.677,-14.176],[125.669,-14.166],[125.678,-14.158]]],[[[125.67,-14.368],[125.681,-14.378],[125.671,-14.38],[125.67,-14.368]]],[[[125.644,-13.947],[125.628,-13.962],[125.626,-13.931],[125.634,-13.946],[125.644,-13.947]]],[[[125.579,-14.349],[125.58,-14.364],[125.573,-14.357],[125.579,-14.349]]],[[[125.563,-14.486],[125.523,-14.485],[125.511,-14.444],[125.53,-14.423],[125.538,-14.475],[125.563,-14.486]]],[[[125.561,-14.105],[125.551,-14.108],[125.555,-14.1],[125.561,-14.105]]],[[[125.521,-14.425],[125.516,-14.435],[125.501,-14.43],[125.521,-14.425]]],[[[125.506,-14.508],[125.492,-14.507],[125.504,-14.5],[125.506,-14.508]]],[[[125.497,-14.499],[125.473,-14.512],[125.445,-14.481],[125.474,-14.497],[125.484,-14.485],[125.497,-14.499]]],[[[125.444,-14.575],[125.433,-14.581],[125.439,-14.568],[125.444,-14.575]]],[[[125.432,-14.532],[125.438,-14.547],[125.426,-14.545],[125.432,-14.532]]],[[[125.436,-14.554],[125.419,-14.565],[125.425,-14.549],[125.436,-14.554]]],[[[125.414,-14.54],[125.405,-14.542],[125.409,-14.535],[125.414,-14.54]]],[[[125.411,-14.337],[125.407,-14.345],[125.404,-14.334],[125.411,-14.337]]],[[[125.367,-15.079],[125.347,-15.084],[125.357,-15.072],[125.367,-15.079]]],[[[125.367,-15.01],[125.358,-15.03],[125.356,-15.015],[125.367,-15.01]]],[[[125.346,-14.493],[125.341,-14.505],[125.338,-14.498],[125.346,-14.493]]],[[[125.33,-14.553],[125.321,-14.556],[125.322,-14.551],[125.33,-14.553]]],[[[125.32,-14.267],[125.316,-14.273],[125.313,-14.262],[125.32,-14.267]]],[[[125.31,-14.277],[125.303,-14.293],[125.29,-14.289],[125.293,-14.27],[125.31,-14.277]]],[[[125.306,-15.07],[125.302,-15.073],[125.3,-15.064],[125.306,-15.07]]],[[[125.279,-14.581],[125.268,-14.588],[125.254,-14.578],[125.268,-14.564],[125.279,-14.581]]],[[[125.273,-14.478],[125.248,-14.472],[125.249,-14.465],[125.262,-14.461],[125.273,-14.478]]],[[[125.272,-14.415],[125.259,-14.429],[125.245,-14.419],[125.254,-14.411],[125.272,-14.415]]],[[[125.243,-15.078],[125.247,-15.095],[125.228,-15.096],[125.243,-15.078]]],[[[125.249,-14.968],[125.251,-14.993],[125.232,-14.997],[125.249,-14.968]]],[[[125.244,-14.422],[125.238,-14.43],[125.238,-14.414],[125.244,-14.422]]],[[[125.231,-15.071],[125.217,-15.098],[125.229,-15.1],[125.175,-15.122],[125.165,-15.099],[125.175,-15.079],[125.164,-15.083],[125.144,-15.042],[125.157,-15.048],[125.167,-15.021],[125.177,-15.066],[125.202,-15.058],[125.231,-15.071]]],[[[125.23,-14.909],[125.224,-14.91],[125.226,-14.902],[125.23,-14.909]]],[[[125.229,-14.3],[125.212,-14.315],[125.221,-14.286],[125.229,-14.3]]],[[[125.216,-14.496],[125.201,-14.548],[125.18,-14.56],[125.2,-14.562],[125.197,-14.583],[125.209,-14.583],[125.196,-14.59],[125.214,-14.607],[125.185,-14.61],[125.181,-14.634],[125.167,-14.62],[125.148,-14.636],[125.152,-14.656],[125.135,-14.652],[125.136,-14.628],[125.113,-14.628],[125.108,-14.643],[125.093,-14.626],[125.096,-14.546],[125.132,-14.552],[125.134,-14.577],[125.152,-14.566],[125.134,-14.545],[125.153,-14.526],[125.142,-14.516],[125.133,-14.529],[125.118,-14.494],[125.16,-14.471],[125.151,-14.453],[125.163,-14.456],[125.165,-14.44],[125.185,-14.459],[125.18,-14.484],[125.19,-14.473],[125.205,-14.5],[125.216,-14.496]]],[[[125.198,-14.941],[125.201,-14.967],[125.188,-14.962],[125.198,-14.941]]],[[[125.19,-14.871],[125.179,-14.868],[125.179,-14.852],[125.19,-14.871]]],[[[125.147,-14.663],[125.135,-14.67],[125.129,-14.666],[125.147,-14.663]]],[[[125.145,-14.761],[125.137,-14.761],[125.138,-14.749],[125.145,-14.761]]],[[[125.134,-14.752],[125.127,-14.761],[125.125,-14.755],[125.134,-14.752]]],[[[125.053,-15.309],[125.049,-15.324],[125.04,-15.315],[125.053,-15.309]]],[[[125.036,-15.328],[125.018,-15.372],[124.995,-15.376],[124.993,-15.357],[125.021,-15.321],[125.036,-15.328]]],[[[125.026,-14.765],[125.027,-14.793],[125.017,-14.78],[125.026,-14.765]]],[[[125.007,-15.203],[125.011,-15.214],[125.006,-15.21],[125.007,-15.203]]],[[[125.015,-15.431],[125.006,-15.439],[125.004,-15.434],[125.015,-15.431]]],[[[125.0,-14.517],[124.98,-14.524],[124.99,-14.485],[125.0,-14.517]]],[[[124.996,-14.44],[124.975,-14.452],[124.984,-14.427],[124.996,-14.44]]],[[[124.973,-14.383],[124.983,-14.424],[124.973,-14.398],[124.959,-14.402],[124.973,-14.383]]],[[[124.985,-15.056],[124.971,-15.087],[124.952,-15.099],[124.969,-15.042],[124.985,-15.056]]],[[[124.954,-15.352],[124.98,-15.352],[124.951,-15.364],[124.954,-15.352]]],[[[124.962,-15.045],[124.945,-15.075],[124.944,-15.057],[124.962,-15.045]]],[[[124.959,-15.029],[124.94,-15.049],[124.916,-15.029],[124.921,-15.009],[124.898,-15.004],[124.921,-14.98],[124.878,-15.005],[124.889,-14.959],[124.898,-14.975],[124.922,-14.967],[124.93,-14.948],[124.917,-14.922],[124.946,-14.965],[124.93,-15.008],[124.959,-15.005],[124.945,-15.019],[124.959,-15.029]]],[[[124.932,-14.521],[124.925,-14.515],[124.931,-14.514],[124.932,-14.521]]],[[[124.927,-14.895],[124.921,-14.897],[124.923,-14.889],[124.927,-14.895]]],[[[124.891,-14.949],[124.889,-14.956],[124.877,-14.942],[124.891,-14.949]]],[[[124.873,-14.94],[124.868,-14.942],[124.865,-14.93],[124.873,-14.94]]],[[[124.86,-15.011],[124.854,-15.031],[124.844,-15.025],[124.86,-15.011]]],[[[124.863,-15.287],[124.861,-15.313],[124.842,-15.315],[124.849,-15.293],[124.863,-15.287]]],[[[124.853,-15.337],[124.849,-15.349],[124.844,-15.343],[124.853,-15.337]]],[[[124.857,-15.256],[124.842,-15.28],[124.812,-15.29],[124.812,-15.306],[124.791,-15.287],[124.81,-15.229],[124.857,-15.256]]],[[[124.8,-15.204],[124.802,-15.223],[124.783,-15.219],[124.8,-15.204]]],[[[124.79,-15.013],[124.775,-15.035],[124.776,-15.013],[124.79,-15.013]]],[[[124.78,-14.949],[124.774,-14.952],[124.773,-14.937],[124.78,-14.949]]],[[[124.763,-14.955],[124.746,-14.951],[124.747,-14.939],[124.759,-14.943],[124.763,-14.955]]],[[[124.748,-14.91],[124.739,-14.942],[124.733,-14.911],[124.748,-14.91]]],[[[124.732,-14.86],[124.716,-14.872],[124.715,-14.86],[124.732,-14.86]]],[[[124.72,-16.377],[124.692,-16.378],[124.679,-16.369],[124.711,-16.36],[124.72,-16.377]]],[[[124.703,-16.357],[124.691,-16.365],[124.673,-16.356],[124.692,-16.349],[124.703,-16.357]]],[[[124.694,-14.954],[124.686,-14.95],[124.684,-14.937],[124.694,-14.954]]],[[[124.672,-14.945],[124.665,-14.95],[124.659,-14.938],[124.672,-14.945]]],[[[124.656,-15.789],[124.648,-15.799],[124.629,-15.804],[124.656,-15.789]]],[[[124.655,-15.397],[124.616,-15.427],[124.525,-15.448],[124.514,-15.426],[124.529,-15.413],[124.541,-15.433],[124.539,-15.413],[124.591,-15.369],[124.555,-15.389],[124.552,-15.365],[124.537,-15.376],[124.528,-15.357],[124.522,-15.379],[124.535,-15.383],[124.515,-15.381],[124.507,-15.398],[124.512,-15.365],[124.498,-15.37],[124.476,-15.405],[124.466,-15.403],[124.484,-15.362],[124.467,-15.373],[124.461,-15.355],[124.482,-15.346],[124.492,-15.358],[124.481,-15.336],[124.491,-15.321],[124.517,-15.334],[124.498,-15.308],[124.515,-15.314],[124.536,-15.304],[124.495,-15.292],[124.528,-15.273],[124.542,-15.28],[124.542,-15.265],[124.571,-15.245],[124.558,-15.255],[124.569,-15.295],[124.556,-15.314],[124.59,-15.312],[124.58,-15.343],[124.605,-15.342],[124.625,-15.394],[124.655,-15.397]]],[[[124.65,-15.167],[124.644,-15.174],[124.643,-15.162],[124.65,-15.167]]],[[[124.65,-16.35],[124.565,-16.344],[124.608,-16.342],[124.65,-16.35]]],[[[124.64,-15.282],[124.618,-15.291],[124.612,-15.284],[124.62,-15.265],[124.64,-15.282]]],[[[124.621,-15.433],[124.606,-15.452],[124.594,-15.442],[124.621,-15.433]]],[[[124.597,-15.911],[124.585,-15.952],[124.532,-15.967],[124.573,-15.911],[124.597,-15.911]]],[[[124.577,-15.268],[124.571,-15.269],[124.567,-15.256],[124.577,-15.268]]],[[[124.547,-15.232],[124.533,-15.237],[124.544,-15.227],[124.547,-15.232]]],[[[124.507,-15.205],[124.51,-15.224],[124.498,-15.215],[124.507,-15.205]]],[[[124.501,-15.456],[124.487,-15.465],[124.496,-15.451],[124.501,-15.456]]],[[[124.496,-15.208],[124.494,-15.213],[124.488,-15.206],[124.496,-15.208]]],[[[124.485,-15.968],[124.477,-15.982],[124.474,-15.975],[124.485,-15.968]]],[[[124.481,-15.318],[124.47,-15.314],[124.477,-15.31],[124.481,-15.318]]],[[[124.477,-15.987],[124.47,-15.994],[124.471,-15.984],[124.477,-15.987]]],[[[124.47,-16.005],[124.457,-16.03],[124.462,-16.001],[124.47,-16.005]]],[[[124.461,-15.897],[124.467,-15.942],[124.449,-15.985],[124.461,-15.897]]],[[[124.465,-16.356],[124.455,-16.374],[124.435,-16.373],[124.433,-16.368],[124.465,-16.356]]],[[[124.461,-15.301],[124.434,-15.322],[124.443,-15.307],[124.421,-15.316],[124.413,-15.293],[124.392,-15.332],[124.343,-15.31],[124.356,-15.292],[124.367,-15.308],[124.369,-15.288],[124.407,-15.285],[124.441,-15.25],[124.457,-15.27],[124.442,-15.272],[124.442,-15.298],[124.461,-15.301]]],[[[124.456,-15.86],[124.448,-15.844],[124.451,-15.835],[124.456,-15.86]]],[[[124.445,-15.87],[124.448,-15.886],[124.443,-15.879],[124.445,-15.87]]],[[[124.405,-15.531],[124.4,-15.534],[124.4,-15.525],[124.405,-15.531]]],[[[124.401,-15.342],[124.39,-15.345],[124.392,-15.338],[124.401,-15.342]]],[[[124.4,-15.228],[124.392,-15.251],[124.384,-15.228],[124.4,-15.228]]],[[[124.396,-16.321],[124.386,-16.322],[124.39,-16.316],[124.396,-16.321]]],[[[124.375,-15.391],[124.367,-15.399],[124.338,-15.376],[124.353,-15.361],[124.375,-15.391]]],[[[124.367,-16.365],[124.359,-16.376],[124.362,-16.364],[124.367,-16.365]]],[[[124.359,-16.347],[124.353,-16.358],[124.348,-16.35],[124.359,-16.347]]],[[[124.351,-16.359],[124.341,-16.36],[124.342,-16.353],[124.351,-16.359]]],[[[124.35,-15.33],[124.318,-15.357],[124.304,-15.352],[124.34,-15.314],[124.35,-15.33]]],[[[124.287,-15.302],[124.278,-15.312],[124.257,-15.302],[124.232,-15.319],[124.233,-15.297],[124.266,-15.282],[124.287,-15.302]]],[[[124.259,-16.385],[124.238,-16.401],[124.222,-16.348],[124.245,-16.389],[124.259,-16.385]]],[[[124.235,-15.969],[124.201,-15.965],[124.19,-15.917],[124.211,-15.954],[124.233,-15.953],[124.235,-15.969]]],[[[124.227,-15.927],[124.219,-15.943],[124.212,-15.919],[124.227,-15.927]]],[[[124.227,-15.314],[124.225,-15.325],[124.214,-15.318],[124.227,-15.314]]],[[[124.22,-15.946],[124.212,-15.95],[124.212,-15.935],[124.22,-15.946]]],[[[124.208,-15.331],[124.207,-15.338],[124.189,-15.337],[124.208,-15.331]]],[[[124.187,-15.953],[124.175,-15.948],[124.177,-15.938],[124.187,-15.953]]],[[[124.146,-33.843],[124.14,-33.862],[124.13,-33.863],[124.131,-33.842],[124.146,-33.843]]],[[[124.144,-16.25],[124.11,-16.258],[124.098,-16.251],[124.113,-16.229],[124.144,-16.25]]],[[[124.103,-16.12],[124.098,-16.127],[124.098,-16.118],[124.103,-16.12]]],[[[124.099,-16.094],[124.094,-16.115],[124.089,-16.1],[124.072,-16.12],[124.063,-16.114],[124.077,-16.104],[124.059,-16.106],[124.077,-16.094],[124.069,-16.081],[124.099,-16.094]]],[[[124.099,-16.158],[124.067,-16.153],[124.069,-16.138],[124.084,-16.146],[124.079,-16.132],[124.099,-16.158]]],[[[124.094,-16.231],[124.086,-16.238],[124.075,-16.23],[124.094,-16.231]]],[[[124.08,-16.161],[124.078,-16.175],[124.068,-16.166],[124.08,-16.161]]],[[[124.08,-16.249],[124.074,-16.255],[124.06,-16.24],[124.08,-16.249]]],[[[123.94,-16.277],[123.906,-16.276],[123.862,-16.236],[123.886,-16.246],[123.877,-16.232],[123.94,-16.277]]],[[[123.893,-16.186],[123.891,-16.191],[123.883,-16.183],[123.893,-16.186]]],[[[123.891,-34.102],[123.885,-34.108],[123.885,-34.101],[123.891,-34.102]]],[[[123.891,-16.203],[123.873,-16.218],[123.878,-16.2],[123.867,-16.191],[123.891,-16.203]]],[[[123.886,-16.28],[123.879,-16.29],[123.857,-16.253],[123.886,-16.28]]],[[[123.885,-16.32],[123.865,-16.29],[123.877,-16.294],[123.885,-16.32]]],[[[123.884,-16.174],[123.882,-16.182],[123.876,-16.175],[123.884,-16.174]]],[[[123.874,-16.202],[123.863,-16.202],[123.865,-16.197],[123.874,-16.202]]],[[[123.857,-16.279],[123.85,-16.281],[123.848,-16.272],[123.857,-16.279]]],[[[123.845,-16.236],[123.843,-16.242],[123.838,-16.224],[123.845,-16.236]]],[[[123.842,-16.189],[123.838,-16.215],[123.831,-16.203],[123.842,-16.189]]],[[[123.835,-16.247],[123.818,-16.269],[123.804,-16.245],[123.828,-16.24],[123.831,-16.224],[123.835,-16.247]]],[[[123.82,-16.208],[123.819,-16.219],[123.812,-16.204],[123.82,-16.208]]],[[[123.813,-16.199],[123.797,-16.187],[123.808,-16.189],[123.813,-16.199]]],[[[123.809,-16.2],[123.791,-16.2],[123.772,-16.166],[123.777,-16.164],[123.784,-16.18],[123.809,-16.2]]],[[[123.797,-16.145],[123.782,-16.149],[123.789,-16.16],[123.774,-16.148],[123.778,-16.142],[123.759,-16.149],[123.777,-16.16],[123.766,-16.159],[123.709,-16.114],[123.683,-16.112],[123.711,-16.106],[123.777,-16.126],[123.789,-16.114],[123.797,-16.145]]],[[[123.754,-16.263],[123.765,-16.27],[123.743,-16.261],[123.754,-16.263]]],[[[123.691,-15.926],[123.702,-15.959],[123.689,-15.967],[123.691,-15.926]]],[[[123.698,-16.355],[123.688,-16.356],[123.679,-16.345],[123.698,-16.355]]],[[[123.677,-17.022],[123.676,-17.043],[123.665,-17.028],[123.677,-17.022]]],[[[123.672,-16.356],[123.653,-16.348],[123.669,-16.349],[123.672,-16.356]]],[[[123.666,-16.416],[123.648,-16.418],[123.622,-16.401],[123.666,-16.416]]],[[[123.658,-16.345],[123.63,-16.336],[123.648,-16.336],[123.658,-16.345]]],[[[123.64,-16.099],[123.625,-16.107],[123.585,-16.081],[123.64,-16.099]]],[[[123.628,-16.345],[123.606,-16.343],[123.6,-16.328],[123.628,-16.345]]],[[[123.627,-16.421],[123.62,-16.428],[123.607,-16.418],[123.627,-16.421]]],[[[123.595,-16.161],[123.582,-16.161],[123.576,-16.147],[123.59,-16.145],[123.595,-16.161]]],[[[123.58,-16.241],[123.565,-16.241],[123.547,-16.22],[123.58,-16.241]]],[[[123.576,-16.264],[123.567,-16.269],[123.572,-16.258],[123.576,-16.264]]],[[[123.573,-16.25],[123.566,-16.262],[123.546,-16.252],[123.565,-16.26],[123.573,-16.25]]],[[[123.564,-16.078],[123.55,-16.077],[123.557,-16.097],[123.548,-16.1],[123.523,-16.069],[123.538,-16.058],[123.564,-16.078]]],[[[123.562,-34.338],[123.56,-34.36],[123.534,-34.378],[123.534,-34.369],[123.562,-34.338]]],[[[123.559,-16.605],[123.551,-16.607],[123.553,-16.597],[123.559,-16.605]]],[[[123.552,-17.241],[123.545,-17.29],[123.544,-17.233],[123.552,-17.241]]],[[[123.552,-16.046],[123.53,-16.05],[123.508,-16.024],[123.522,-16.017],[123.552,-16.046]]],[[[123.552,-17.305],[123.546,-17.318],[123.543,-17.304],[123.552,-17.305]]],[[[123.548,-16.265],[123.526,-16.277],[123.503,-16.258],[123.524,-16.265],[123.539,-16.255],[123.548,-16.265]]],[[[123.546,-17.297],[123.541,-17.301],[123.537,-17.292],[123.546,-17.297]]],[[[123.546,-16.203],[123.545,-16.21],[123.539,-16.188],[123.546,-16.203]]],[[[123.538,-16.592],[123.523,-16.605],[123.518,-16.581],[123.527,-16.58],[123.538,-16.592]]],[[[123.537,-34.01],[123.528,-34.023],[123.524,-34.007],[123.537,-34.01]]],[[[123.535,-17.321],[123.531,-17.332],[123.528,-17.307],[123.535,-17.321]]],[[[123.535,-16.153],[123.535,-16.158],[123.526,-16.145],[123.535,-16.153]]],[[[123.531,-16.258],[123.497,-16.25],[123.507,-16.274],[123.49,-16.285],[123.48,-16.244],[123.448,-16.218],[123.479,-16.214],[123.491,-16.243],[123.531,-16.258]]],[[[123.531,-16.609],[123.51,-16.64],[123.457,-16.617],[123.489,-16.615],[123.508,-16.631],[123.512,-16.612],[123.531,-16.609]]],[[[123.526,-17.344],[123.524,-17.358],[123.516,-17.336],[123.526,-17.344]]],[[[123.525,-16.148],[123.523,-16.163],[123.505,-16.162],[123.512,-16.145],[123.525,-16.148]]],[[[123.522,-16.276],[123.515,-16.299],[123.513,-16.282],[123.522,-16.276]]],[[[123.493,-16.6],[123.478,-16.61],[123.484,-16.598],[123.493,-16.6]]],[[[123.461,-16.168],[123.428,-16.162],[123.454,-16.155],[123.461,-16.168]]],[[[123.459,-16.27],[123.438,-16.278],[123.435,-16.271],[123.439,-16.262],[123.459,-16.27]]],[[[123.458,-17.336],[123.447,-17.338],[123.444,-17.325],[123.458,-17.336]]],[[[123.456,-16.53],[123.429,-16.525],[123.441,-16.522],[123.456,-16.53]]],[[[123.446,-16.088],[123.434,-16.092],[123.442,-16.114],[123.424,-16.088],[123.433,-16.076],[123.446,-16.088]]],[[[123.435,-16.278],[123.422,-16.278],[123.432,-16.27],[123.435,-16.278]]],[[[123.43,-16.284],[123.421,-16.289],[123.417,-16.274],[123.43,-16.284]]],[[[123.424,-17.322],[123.404,-17.319],[123.4,-17.301],[123.424,-17.322]]],[[[123.423,-16.132],[123.389,-16.129],[123.394,-16.11],[123.401,-16.109],[123.423,-16.132]]],[[[123.422,-16.343],[123.415,-16.344],[123.419,-16.332],[123.422,-16.343]]],[[[123.419,-16.085],[123.405,-16.086],[123.389,-16.07],[123.419,-16.085]]],[[[123.403,-16.372],[123.4,-16.381],[123.383,-16.373],[123.403,-16.372]]],[[[123.4,-16.528],[123.388,-16.527],[123.38,-16.517],[123.398,-16.513],[123.4,-16.528]]],[[[123.391,-16.583],[123.388,-16.605],[123.363,-16.584],[123.352,-16.53],[123.391,-16.583]]],[[[123.376,-16.058],[123.358,-16.057],[123.362,-16.05],[123.376,-16.058]]],[[[123.346,-16.417],[123.36,-16.439],[123.345,-16.447],[123.346,-16.417]]],[[[123.357,-16.361],[123.336,-16.359],[123.335,-16.333],[123.349,-16.34],[123.357,-16.361]]],[[[123.351,-16.162],[123.336,-16.167],[123.322,-16.145],[123.344,-16.149],[123.351,-16.162]]],[[[123.328,-16.14],[123.309,-16.143],[123.308,-16.137],[123.328,-16.14]]],[[[123.319,-16.322],[123.309,-16.32],[123.309,-16.307],[123.319,-16.322]]],[[[123.317,-16.135],[123.302,-16.138],[123.29,-16.126],[123.317,-16.135]]],[[[123.314,-16.033],[123.295,-16.046],[123.278,-16.043],[123.314,-16.033]]],[[[123.306,-16.307],[123.302,-16.316],[123.3,-16.306],[123.306,-16.307]]],[[[123.297,-16.301],[123.296,-16.306],[123.291,-16.302],[123.297,-16.301]]],[[[123.226,-16.407],[123.213,-16.423],[123.199,-16.425],[123.213,-16.393],[123.226,-16.407]]],[[[123.216,-34.088],[123.207,-34.119],[123.206,-34.108],[123.181,-34.108],[123.173,-34.124],[123.157,-34.11],[123.17,-34.09],[123.216,-34.088]]],[[[123.211,-16.393],[123.192,-16.433],[123.167,-16.425],[123.179,-16.406],[123.168,-16.389],[123.211,-16.393]]],[[[123.188,-34.078],[123.183,-34.087],[123.179,-34.08],[123.188,-34.078]]],[[[123.168,-16.405],[123.152,-16.424],[123.159,-16.401],[123.168,-16.405]]],[[[123.167,-15.529],[123.153,-15.532],[123.154,-15.511],[123.167,-15.529]]],[[[123.158,-16.397],[123.143,-16.389],[123.153,-16.387],[123.158,-16.397]]],[[[123.136,-16.401],[123.125,-16.409],[123.125,-16.424],[123.118,-16.409],[123.136,-16.401]]],[[[123.129,-16.435],[123.104,-16.437],[123.091,-16.426],[123.107,-16.424],[123.129,-16.435]]],[[[122.862,-33.983],[122.814,-34.003],[122.843,-33.983],[122.862,-33.983]]],[[[122.808,-34.001],[122.8,-34.014],[122.798,-34.004],[122.808,-34.001]]],[[[122.655,-33.997],[122.652,-34.003],[122.647,-33.998],[122.655,-33.997]]],[[[122.261,-34.124],[122.246,-34.161],[122.236,-34.159],[122.231,-34.109],[122.261,-34.124]]],[[[122.152,-34.033],[122.129,-34.029],[122.147,-34.027],[122.152,-34.033]]],[[[122.127,-16.853],[122.102,-16.855],[122.113,-16.858],[122.093,-16.855],[122.127,-16.853]]],[[[122.11,-34.064],[122.098,-34.065],[122.104,-34.059],[122.11,-34.064]]],[[[122.059,-34.146],[122.039,-34.142],[122.05,-34.138],[122.059,-34.146]]],[[[122.027,-33.963],[122.004,-33.971],[122.002,-33.958],[122.027,-33.963]]],[[[122.011,-34.024],[121.993,-34.042],[121.982,-34.037],[122.011,-34.024]]],[[[122.005,-33.987],[121.987,-33.989],[121.995,-33.98],[122.005,-33.987]]],[[[121.993,-33.973],[121.982,-33.979],[121.976,-33.973],[121.993,-33.973]]],[[[121.984,-34.118],[121.974,-34.12],[121.976,-34.114],[121.984,-34.118]]],[[[121.98,-34.049],[121.954,-34.056],[121.958,-34.045],[121.98,-34.049]]],[[[121.91,-33.918],[121.904,-33.925],[121.897,-33.92],[121.91,-33.918]]],[[[121.884,-33.92],[121.874,-33.927],[121.868,-33.922],[121.884,-33.92]]],[[[121.804,-33.925],[121.796,-33.929],[121.788,-33.921],[121.804,-33.925]]],[[[121.69,-34.005],[121.669,-34.002],[121.67,-33.995],[121.68,-33.994],[121.69,-34.005]]],[[[121.608,-34.014],[121.606,-34.039],[121.593,-34.029],[121.608,-34.014]]],[[[119.614,-34.376],[119.606,-34.378],[119.599,-34.368],[119.614,-34.376]]],[[[118.528,-20.312],[118.511,-20.324],[118.5,-20.319],[118.512,-20.309],[118.528,-20.312]]],[[[118.487,-34.922],[118.467,-34.935],[118.437,-34.911],[118.457,-34.905],[118.487,-34.922]]],[[[118.07,-35.065],[118.044,-35.066],[118.04,-35.06],[118.07,-35.065]]],[[[117.874,-20.516],[117.862,-20.532],[117.845,-20.539],[117.874,-20.516]]],[[[117.744,-20.627],[117.734,-20.654],[117.711,-20.643],[117.717,-20.608],[117.744,-20.627]]],[[[117.089,-20.616],[117.058,-20.639],[117.038,-20.636],[117.073,-20.616],[117.089,-20.616]]],[[[117.082,-20.432],[117.076,-20.466],[117.069,-20.431],[117.082,-20.432]]],[[[116.966,-20.426],[116.974,-20.445],[116.96,-20.43],[116.966,-20.426]]],[[[116.953,-20.42],[116.849,-20.379],[116.832,-20.354],[116.838,-20.352],[116.953,-20.42]]],[[[116.886,-20.481],[116.866,-20.519],[116.816,-20.518],[116.854,-20.445],[116.886,-20.424],[116.861,-20.489],[116.886,-20.481]]],[[[116.844,-20.457],[116.837,-20.458],[116.843,-20.452],[116.844,-20.457]]],[[[116.839,-20.426],[116.825,-20.458],[116.798,-20.473],[116.799,-20.451],[116.839,-20.426]]],[[[116.818,-20.417],[116.834,-20.416],[116.812,-20.441],[116.818,-20.417]]],[[[116.827,-20.466],[116.799,-20.518],[116.787,-20.516],[116.803,-20.475],[116.827,-20.466]]],[[[116.697,-20.645],[116.683,-20.662],[116.675,-20.662],[116.675,-20.652],[116.697,-20.645]]],[[[116.692,-20.505],[116.69,-20.519],[116.677,-20.523],[116.678,-20.504],[116.692,-20.505]]],[[[116.681,-20.584],[116.667,-20.628],[116.635,-20.632],[116.649,-20.599],[116.681,-20.584]]],[[[116.676,-20.549],[116.635,-20.608],[116.6,-20.612],[116.624,-20.572],[116.676,-20.549]]],[[[116.671,-20.518],[116.662,-20.527],[116.656,-20.517],[116.671,-20.518]]],[[[116.662,-20.675],[116.657,-20.681],[116.651,-20.672],[116.662,-20.675]]],[[[116.65,-20.549],[116.646,-20.558],[116.635,-20.555],[116.65,-20.549]]],[[[116.635,-20.459],[116.628,-20.46],[116.627,-20.454],[116.635,-20.459]]],[[[116.619,-20.474],[116.589,-20.501],[116.566,-20.486],[116.609,-20.454],[116.619,-20.474]]],[[[116.586,-20.576],[116.576,-20.595],[116.555,-20.59],[116.553,-20.621],[116.463,-20.61],[116.486,-20.585],[116.513,-20.583],[116.524,-20.601],[116.552,-20.568],[116.555,-20.585],[116.586,-20.576]]],[[[116.505,-35.028],[116.499,-35.036],[116.491,-35.033],[116.505,-35.028]]],[[[116.452,-20.665],[116.434,-20.655],[116.449,-20.652],[116.452,-20.665]]],[[[116.249,-20.813],[116.247,-20.819],[116.242,-20.804],[116.249,-20.813]]],[[[116.179,-20.945],[116.176,-20.956],[116.174,-20.935],[116.179,-20.945]]],[[[116.158,-20.938],[116.152,-20.948],[116.148,-20.934],[116.158,-20.938]]],[[[115.902,-20.955],[115.882,-20.95],[115.885,-20.939],[115.901,-20.938],[115.902,-20.955]]],[[[115.7,-32.226],[115.687,-32.232],[115.7,-32.245],[115.681,-32.244],[115.661,-32.156],[115.7,-32.226]]],[[[115.695,-32.305],[115.69,-32.309],[115.69,-32.302],[115.695,-32.305]]],[[[115.586,-20.403],[115.577,-20.42],[115.546,-20.381],[115.56,-20.378],[115.586,-20.403]]],[[[115.583,-20.661],[115.566,-20.641],[115.581,-20.651],[115.583,-20.661]]],[[[115.558,-32.003],[115.528,-32.028],[115.508,-32.013],[115.45,-32.026],[115.511,-31.988],[115.558,-32.003]]],[[[115.548,-20.435],[115.548,-20.447],[115.543,-20.44],[115.548,-20.435]]],[[[115.549,-20.433],[115.543,-20.437],[115.544,-20.415],[115.549,-20.433]]],[[[115.547,-21.387],[115.543,-21.395],[115.543,-21.382],[115.547,-21.387]]],[[[115.521,-20.483],[115.535,-20.466],[115.532,-20.505],[115.525,-20.493],[115.521,-20.506],[115.517,-20.441],[115.531,-20.441],[115.524,-20.438],[115.533,-20.414],[115.546,-20.455],[115.535,-20.466],[115.538,-20.449],[115.526,-20.447],[115.521,-20.483]]],[[[115.526,-20.411],[115.541,-20.402],[115.526,-20.411],[115.526,-20.411]]],[[[115.54,-20.372],[115.513,-20.365],[115.533,-20.361],[115.54,-20.372]]],[[[115.53,-20.423],[115.524,-20.428],[115.526,-20.416],[115.53,-20.423]]],[[[115.526,-20.4],[115.518,-20.401],[115.52,-20.389],[115.526,-20.4]]],[[[115.458,-20.692],[115.476,-20.766],[115.421,-20.864],[115.375,-20.895],[115.365,-20.871],[115.333,-20.868],[115.321,-20.892],[115.307,-20.86],[115.322,-20.808],[115.433,-20.667],[115.469,-20.68],[115.458,-20.692]]],[[[115.465,-21.493],[115.437,-21.528],[115.42,-21.52],[115.435,-21.503],[115.465,-21.493]]],[[[115.361,-21.485],[115.351,-21.483],[115.356,-21.468],[115.361,-21.485]]],[[[115.337,-20.966],[115.324,-20.974],[115.317,-20.948],[115.337,-20.966]]],[[[115.336,-20.906],[115.317,-20.938],[115.321,-20.896],[115.336,-20.906]]],[[[115.248,-21.569],[115.212,-21.6],[115.229,-21.57],[115.248,-21.569]]],[[[115.025,-21.458],[115.017,-21.465],[114.972,-21.459],[114.996,-21.451],[115.025,-21.458]]],[[[114.767,-21.522],[114.766,-21.529],[114.758,-21.528],[114.767,-21.522]]],[[[114.697,-21.626],[114.682,-21.631],[114.664,-21.592],[114.686,-21.605],[114.697,-21.626]]],[[[114.579,-21.984],[114.571,-22.001],[114.566,-21.987],[114.579,-21.984]]],[[[114.541,-22.007],[114.534,-22.062],[114.501,-22.012],[114.51,-21.994],[114.541,-22.007]]],[[[114.491,-22.119],[114.49,-22.135],[114.484,-22.135],[114.491,-22.119]]],[[[114.49,-22.147],[114.489,-22.153],[114.483,-22.15],[114.49,-22.147]]],[[[114.392,-21.628],[114.37,-21.652],[114.358,-21.651],[114.375,-21.628],[114.392,-21.628]]],[[[114.346,-21.66],[114.335,-21.675],[114.306,-21.712],[114.318,-21.686],[114.346,-21.66]]],[[[114.189,-22.422],[114.182,-22.424],[114.182,-22.411],[114.189,-22.422]]],[[[114.173,-22.447],[114.167,-22.474],[114.148,-22.489],[114.173,-22.447]]],[[[114.005,-28.901],[113.967,-28.939],[113.962,-28.985],[113.967,-28.933],[114.005,-28.901]]],[[[113.922,-25.884],[113.908,-25.898],[113.858,-25.868],[113.874,-25.871],[113.854,-25.846],[113.856,-25.811],[113.881,-25.801],[113.909,-25.817],[113.922,-25.884]]],[[[113.879,-26.029],[113.837,-26.002],[113.857,-26.007],[113.879,-26.029]]],[[[113.88,-26.03],[113.883,-26.032],[113.879,-26.043],[113.88,-26.03]]],[[[113.872,-26.064],[113.872,-26.064],[113.878,-26.048],[113.872,-26.064]]],[[[113.868,-26.384],[113.858,-26.356],[113.865,-26.349],[113.868,-26.384]]],[[[113.788,-28.714],[113.784,-28.723],[113.78,-28.709],[113.788,-28.714]]],[[[113.772,-26.531],[113.77,-26.549],[113.759,-26.535],[113.772,-26.531]]],[[[113.745,-28.426],[113.73,-28.444],[113.719,-28.445],[113.718,-28.43],[113.745,-28.426]]],[[[113.721,-26.062],[113.705,-26.094],[113.717,-26.058],[113.721,-26.062]]],[[[113.708,-28.463],[113.696,-28.484],[113.686,-28.485],[113.682,-28.454],[113.701,-28.44],[113.708,-28.463]]],[[[113.653,-24.886],[113.638,-24.902],[113.62,-24.872],[113.644,-24.871],[113.641,-24.885],[113.653,-24.886]]],[[[113.595,-28.289],[113.598,-28.308],[113.588,-28.3],[113.595,-28.289]]],[[[113.34,-26.322],[113.332,-26.317],[113.337,-26.31],[113.34,-26.322]]],[[[113.237,-26.104],[113.216,-26.163],[113.209,-26.135],[113.181,-26.123],[113.136,-26.022],[113.049,-25.931],[113.023,-25.86],[112.967,-25.783],[112.98,-25.749],[112.93,-25.643],[112.921,-25.588],[112.929,-25.527],[112.971,-25.48],[112.986,-25.497],[113.023,-25.499],[113.009,-25.561],[113.039,-25.618],[113.077,-25.769],[113.115,-25.839],[113.11,-25.868],[113.156,-25.888],[113.126,-25.922],[113.137,-25.977],[113.158,-25.969],[113.151,-25.941],[113.168,-25.943],[113.167,-25.98],[113.204,-26.003],[113.237,-26.104]]],[[[113.166,-24.781],[113.138,-24.871],[113.15,-24.935],[113.119,-24.987],[113.128,-24.844],[113.157,-24.755],[113.166,-24.781]]],[[[113.128,-25.06],[113.111,-25.107],[113.076,-25.273],[113.069,-25.231],[113.095,-25.121],[113.088,-25.07],[113.118,-24.992],[113.128,-25.06]]]]}},{"type":"Feature","properties":{"state":"TAS","name":"Tasmania"},"geometry":{"type":"MultiPolygon","coordinates":[[[[148.482,-40.435],[148.437,-40.44],[148.431,-40.465],[148.414,-40.462],[148.398,-40.489],[148.378,-40.477],[148.351,-40.493],[148.31,-40.427],[148.273,-40.429],[148.227,-40.466],[148.196,-40.436],[148.142,-40.448],[148.141,-40.46],[148.128,-40.44],[148.086,-40.457],[148.046,-40.449],[148.018,-40.414],[147.989,-40.421],[147.984,-40.403],[148.002,-40.376],[148.082,-40.339],[148.144,-40.336],[148.192,-40.356],[148.211,-40.318],[148.267,-40.341],[148.33,-40.291],[148.407,-40.378],[148.451,-40.377],[148.449,-40.406],[148.482,-40.435]]],[[[148.363,-39.948],[148.361,-39.954],[148.352,-39.951],[148.363,-39.948]]],[[[144.754,-41.062],[144.746,-41.056],[144.696,-41.048],[144.684,-41.038],[144.661,-41.053],[144.607,-41.009],[144.633,-40.994],[144.631,-40.952],[144.612,-40.936],[144.656,-40.914],[144.649,-40.9],[144.684,-40.907],[144.712,-40.858],[144.697,-40.809],[144.71,-40.761],[144.691,-40.755],[144.678,-40.717],[144.698,-40.69],[144.686,-40.672],[144.726,-40.642],[144.749,-40.69],[144.736,-40.69],[144.772,-40.706],[144.766,-40.744],[144.786,-40.708],[144.811,-40.727],[144.837,-40.719],[144.841,-40.743],[144.924,-40.764],[144.979,-40.743],[145.001,-40.775],[145.024,-40.771],[145.019,-40.789],[145.053,-40.787],[145.065,-40.819],[145.077,-40.808],[145.1,-40.827],[145.109,-40.814],[145.121,-40.838],[145.132,-40.819],[145.167,-40.819],[145.11,-40.794],[145.188,-40.804],[145.257,-40.79],[145.216,-40.811],[145.259,-40.806],[145.26,-40.712],[145.309,-40.764],[145.289,-40.766],[145.269,-40.811],[145.294,-40.827],[145.28,-40.794],[145.321,-40.85],[145.316,-40.838],[145.392,-40.85],[145.395,-40.863],[145.446,-40.871],[145.435,-40.894],[145.447,-40.874],[145.512,-40.854],[145.522,-40.888],[145.56,-40.917],[145.729,-40.945],[145.725,-40.969],[145.741,-40.985],[145.696,-40.975],[145.769,-40.997],[145.839,-41.039],[145.83,-41.05],[145.836,-41.057],[145.841,-41.039],[145.877,-41.037],[145.921,-41.051],[145.909,-41.058],[145.923,-41.078],[145.925,-41.066],[145.958,-41.063],[145.985,-41.075],[145.974,-41.088],[145.986,-41.074],[146.077,-41.116],[146.12,-41.119],[146.167,-41.147],[146.152,-41.162],[146.169,-41.145],[146.248,-41.157],[146.251,-41.197],[146.255,-41.152],[146.333,-41.157],[146.316,-41.183],[146.357,-41.158],[146.367,-41.193],[146.348,-41.217],[146.364,-41.208],[146.36,-41.222],[146.389,-41.238],[146.4,-41.228],[146.362,-41.201],[146.37,-41.194],[146.37,-41.167],[146.465,-41.16],[146.532,-41.118],[146.546,-41.13],[146.542,-41.155],[146.562,-41.167],[146.548,-41.168],[146.54,-41.179],[146.554,-41.171],[146.573,-41.189],[146.565,-41.251],[146.585,-41.205],[146.594,-41.251],[146.607,-41.259],[146.595,-41.251],[146.609,-41.212],[146.588,-41.214],[146.595,-41.209],[146.578,-41.185],[146.61,-41.158],[146.567,-41.164],[146.564,-41.146],[146.633,-41.126],[146.647,-41.094],[146.679,-41.101],[146.714,-41.075],[146.708,-41.064],[146.745,-41.085],[146.768,-41.079],[146.799,-41.107],[146.788,-41.112],[146.814,-41.113],[146.82,-41.138],[146.763,-41.15],[146.771,-41.165],[146.79,-41.146],[146.818,-41.145],[146.839,-41.2],[146.845,-41.186],[146.858,-41.193],[146.834,-41.163],[146.86,-41.172],[146.878,-41.15],[146.923,-41.17],[146.916,-41.198],[146.898,-41.203],[146.946,-41.26],[146.975,-41.252],[146.971,-41.309],[147.005,-41.321],[147.034,-41.356],[147.058,-41.336],[147.077,-41.341],[147.069,-41.354],[147.074,-41.384],[147.123,-41.41],[147.112,-41.422],[147.122,-41.444],[147.143,-41.429],[147.146,-41.417],[147.156,-41.417],[147.155,-41.416],[147.144,-41.417],[147.127,-41.432],[147.128,-41.411],[147.079,-41.366],[147.089,-41.354],[147.075,-41.354],[147.083,-41.345],[147.074,-41.33],[147.046,-41.337],[147.04,-41.319],[146.978,-41.309],[147.015,-41.276],[146.977,-41.233],[146.946,-41.229],[146.945,-41.207],[146.912,-41.212],[146.937,-41.182],[146.965,-41.19],[146.9,-41.137],[146.828,-41.136],[146.834,-41.125],[146.818,-41.122],[146.832,-41.103],[146.817,-41.11],[146.787,-41.054],[146.812,-41.061],[146.875,-41.019],[146.959,-41.027],[146.948,-41.026],[147.021,-40.98],[147.073,-41.0],[147.116,-40.995],[147.159,-41.014],[147.134,-41.035],[147.158,-41.031],[147.162,-41.008],[147.225,-40.989],[147.249,-40.953],[147.28,-40.942],[147.303,-40.958],[147.346,-40.939],[147.355,-40.982],[147.384,-40.98],[147.401,-41.011],[147.435,-41.012],[147.397,-41.003],[147.441,-41.003],[147.491,-40.979],[147.583,-40.893],[147.595,-40.849],[147.67,-40.821],[147.706,-40.86],[147.757,-40.858],[147.752,-40.876],[147.756,-40.865],[147.822,-40.887],[147.883,-40.868],[147.874,-40.883],[147.904,-40.878],[147.913,-40.869],[147.885,-40.878],[147.887,-40.864],[147.959,-40.765],[147.939,-40.74],[148.033,-40.751],[148.033,-40.765],[148.043,-40.774],[148.038,-40.762],[148.079,-40.769],[148.141,-40.831],[148.175,-40.83],[148.148,-40.835],[148.121,-40.826],[148.115,-40.814],[148.126,-40.836],[148.174,-40.839],[148.178,-40.821],[148.223,-40.846],[148.227,-40.876],[148.262,-40.892],[148.324,-40.988],[148.349,-40.993],[148.302,-41.029],[148.297,-41.062],[148.294,-41.029],[148.249,-41.051],[148.298,-41.064],[148.27,-41.126],[148.268,-41.152],[148.285,-41.169],[148.253,-41.191],[148.272,-41.181],[148.279,-41.23],[148.338,-41.26],[148.308,-41.302],[148.291,-41.304],[148.295,-41.283],[148.282,-41.277],[148.277,-41.315],[148.236,-41.323],[148.272,-41.34],[148.309,-41.317],[148.332,-41.276],[148.359,-41.28],[148.327,-41.306],[148.301,-41.366],[148.279,-41.372],[148.296,-41.372],[148.26,-41.46],[148.271,-41.502],[148.264,-41.477],[148.249,-41.486],[148.267,-41.506],[148.276,-41.503],[148.288,-41.558],[148.317,-41.575],[148.32,-41.621],[148.293,-41.659],[148.284,-41.72],[148.305,-41.748],[148.284,-41.758],[148.264,-41.807],[148.273,-41.849],[148.311,-41.873],[148.304,-41.891],[148.324,-41.917],[148.303,-41.937],[148.31,-41.961],[148.289,-41.983],[148.285,-42.039],[148.341,-42.103],[148.338,-42.133],[148.32,-42.132],[148.324,-42.149],[148.298,-42.166],[148.357,-42.18],[148.346,-42.224],[148.328,-42.23],[148.315,-42.276],[148.293,-42.282],[148.288,-42.26],[148.261,-42.254],[148.251,-42.23],[148.27,-42.227],[148.292,-42.192],[148.259,-42.165],[148.298,-42.126],[148.268,-42.11],[148.248,-42.117],[148.242,-42.091],[148.208,-42.077],[148.221,-42.069],[148.157,-42.074],[148.173,-42.043],[148.214,-42.036],[148.243,-41.988],[148.214,-41.986],[148.218,-42.003],[148.197,-42.021],[148.163,-41.998],[148.133,-42.044],[148.143,-42.052],[148.155,-42.035],[148.165,-42.052],[148.093,-42.081],[148.151,-42.074],[148.235,-42.098],[148.124,-42.092],[148.047,-42.118],[148.07,-42.112],[148.085,-42.126],[148.071,-42.154],[148.084,-42.168],[148.014,-42.239],[148.028,-42.261],[148.0,-42.31],[147.978,-42.307],[147.97,-42.333],[147.931,-42.343],[147.962,-42.357],[147.96,-42.341],[147.986,-42.337],[147.978,-42.326],[147.996,-42.312],[148.018,-42.315],[148.027,-42.35],[147.98,-42.405],[147.999,-42.433],[147.977,-42.441],[148.01,-42.441],[147.989,-42.498],[147.994,-42.49],[148.01,-42.51],[147.995,-42.527],[147.969,-42.52],[147.949,-42.553],[147.914,-42.516],[147.924,-42.497],[147.897,-42.524],[147.913,-42.549],[147.875,-42.555],[147.946,-42.606],[147.932,-42.632],[147.958,-42.653],[147.93,-42.645],[147.963,-42.67],[147.939,-42.701],[147.947,-42.728],[147.9,-42.744],[147.879,-42.77],[147.87,-42.819],[147.884,-42.846],[147.865,-42.815],[147.856,-42.849],[147.835,-42.861],[147.845,-42.874],[147.832,-42.866],[147.791,-42.903],[147.728,-42.899],[147.722,-42.887],[147.669,-42.902],[147.64,-42.88],[147.656,-42.882],[147.684,-42.864],[147.701,-42.872],[147.684,-42.863],[147.653,-42.879],[147.606,-42.869],[147.622,-42.845],[147.597,-42.813],[147.603,-42.798],[147.594,-42.782],[147.585,-42.778],[147.592,-42.801],[147.56,-42.797],[147.539,-42.772],[147.529,-42.784],[147.54,-42.801],[147.528,-42.805],[147.521,-42.785],[147.487,-42.803],[147.453,-42.782],[147.469,-42.771],[147.445,-42.783],[147.435,-42.774],[147.46,-42.81],[147.485,-42.808],[147.472,-42.821],[147.481,-42.827],[147.513,-42.811],[147.522,-42.828],[147.579,-42.825],[147.613,-42.846],[147.565,-42.838],[147.504,-42.864],[147.495,-42.911],[147.531,-42.931],[147.554,-42.986],[147.524,-42.993],[147.521,-43.021],[147.419,-43.05],[147.392,-42.976],[147.409,-42.963],[147.43,-43.028],[147.469,-43.027],[147.478,-42.982],[147.465,-42.97],[147.445,-42.978],[147.446,-42.965],[147.465,-42.923],[147.491,-42.927],[147.479,-42.906],[147.435,-42.909],[147.421,-42.94],[147.409,-42.939],[147.417,-42.909],[147.405,-42.884],[147.352,-42.876],[147.359,-42.849],[147.338,-42.846],[147.347,-42.835],[147.334,-42.841],[147.32,-42.817],[147.282,-42.801],[147.293,-42.79],[147.265,-42.778],[147.256,-42.749],[147.266,-42.739],[147.263,-42.73],[147.252,-42.751],[147.257,-42.757],[147.199,-42.725],[147.115,-42.773],[147.198,-42.74],[147.254,-42.766],[147.253,-42.787],[147.283,-42.79],[147.259,-42.792],[147.256,-42.815],[147.322,-42.832],[147.313,-42.849],[147.328,-42.845],[147.32,-42.855],[147.341,-42.877],[147.332,-42.9],[147.361,-42.914],[147.324,-43.006],[147.344,-43.052],[147.314,-43.059],[147.285,-43.008],[147.265,-43.021],[147.28,-43.027],[147.256,-43.073],[147.301,-43.088],[147.285,-43.111],[147.258,-43.107],[147.269,-43.122],[147.246,-43.122],[147.263,-43.131],[147.239,-43.154],[147.261,-43.224],[147.243,-43.268],[147.168,-43.283],[147.142,-43.271],[147.151,-43.241],[147.089,-43.243],[147.091,-43.22],[147.118,-43.211],[147.102,-43.207],[147.094,-43.188],[147.109,-43.185],[147.083,-43.163],[147.086,-43.193],[147.072,-43.202],[147.083,-43.207],[147.062,-43.225],[147.01,-43.19],[146.984,-43.189],[147.045,-43.047],[147.03,-43.059],[146.991,-43.119],[146.993,-43.129],[146.972,-43.139],[146.981,-43.159],[146.96,-43.156],[146.95,-43.164],[146.974,-43.169],[146.972,-43.204],[147.065,-43.249],[147.1,-43.29],[147.081,-43.292],[147.065,-43.333],[147.045,-43.312],[147.012,-43.316],[147.004,-43.335],[146.982,-43.33],[146.979,-43.339],[147.019,-43.334],[147.059,-43.353],[147.017,-43.403],[147.018,-43.443],[146.973,-43.432],[146.951,-43.447],[146.924,-43.416],[146.916,-43.447],[146.942,-43.44],[146.949,-43.453],[146.983,-43.455],[147.002,-43.48],[146.981,-43.487],[146.973,-43.469],[146.942,-43.478],[146.929,-43.497],[146.944,-43.512],[146.978,-43.494],[146.954,-43.512],[146.953,-43.533],[146.924,-43.53],[146.917,-43.546],[146.901,-43.516],[146.877,-43.558],[146.904,-43.562],[146.887,-43.566],[146.892,-43.581],[146.917,-43.569],[146.921,-43.6],[146.874,-43.623],[146.871,-43.639],[146.827,-43.643],[146.831,-43.615],[146.785,-43.6],[146.705,-43.633],[146.686,-43.597],[146.66,-43.608],[146.658,-43.579],[146.64,-43.587],[146.624,-43.562],[146.599,-43.562],[146.608,-43.55],[146.575,-43.525],[146.578,-43.485],[146.559,-43.465],[146.551,-43.51],[146.596,-43.543],[146.542,-43.523],[146.509,-43.524],[146.486,-43.544],[146.406,-43.54],[146.345,-43.513],[146.29,-43.545],[146.267,-43.529],[146.273,-43.498],[146.216,-43.486],[146.21,-43.535],[146.193,-43.54],[146.178,-43.511],[146.148,-43.501],[146.147,-43.528],[146.11,-43.524],[146.11,-43.557],[146.079,-43.541],[146.031,-43.571],[146.043,-43.509],[146.029,-43.464],[146.006,-43.464],[146.018,-43.455],[145.997,-43.407],[145.971,-43.403],[145.965,-43.383],[145.921,-43.381],[145.953,-43.359],[145.971,-43.37],[145.977,-43.356],[145.994,-43.394],[146.002,-43.365],[145.975,-43.349],[145.987,-43.329],[146.003,-43.345],[146.068,-43.353],[146.084,-43.372],[146.092,-43.364],[146.058,-43.344],[146.131,-43.355],[146.137,-43.373],[146.127,-43.374],[146.14,-43.407],[146.144,-43.409],[146.135,-43.377],[146.157,-43.392],[146.177,-43.382],[146.155,-43.363],[146.21,-43.364],[146.223,-43.389],[146.213,-43.364],[146.227,-43.361],[146.232,-43.322],[146.209,-43.331],[146.189,-43.315],[146.176,-43.327],[146.168,-43.291],[146.136,-43.346],[146.112,-43.348],[146.072,-43.327],[146.064,-43.289],[146.049,-43.321],[146.059,-43.334],[146.004,-43.335],[146.006,-43.321],[145.983,-43.323],[145.983,-43.305],[145.953,-43.281],[145.973,-43.273],[145.98,-43.235],[145.917,-43.211],[145.928,-43.245],[145.862,-43.273],[145.881,-43.29],[145.901,-43.265],[145.924,-43.267],[145.927,-43.3],[145.899,-43.3],[145.871,-43.323],[145.851,-43.307],[145.841,-43.315],[145.853,-43.3],[145.816,-43.279],[145.821,-43.25],[145.806,-43.249],[145.797,-43.219],[145.808,-43.209],[145.788,-43.188],[145.762,-43.193],[145.758,-43.165],[145.722,-43.136],[145.736,-43.117],[145.716,-43.106],[145.694,-43.118],[145.665,-43.096],[145.675,-43.07],[145.691,-43.068],[145.682,-43.05],[145.648,-43.049],[145.644,-43.025],[145.61,-43.009],[145.591,-42.973],[145.495,-42.992],[145.492,-42.956],[145.504,-42.949],[145.482,-42.931],[145.488,-42.913],[145.452,-42.898],[145.421,-42.837],[145.415,-42.781],[145.383,-42.769],[145.381,-42.748],[145.397,-42.736],[145.366,-42.689],[145.366,-42.657],[145.334,-42.658],[145.336,-42.633],[145.312,-42.621],[145.285,-42.632],[145.263,-42.622],[145.302,-42.599],[145.304,-42.571],[145.278,-42.563],[145.253,-42.522],[145.261,-42.504],[145.236,-42.471],[145.254,-42.448],[145.235,-42.417],[145.245,-42.406],[145.196,-42.328],[145.214,-42.278],[145.189,-42.243],[145.19,-42.208],[145.166,-42.197],[145.207,-42.2],[145.221,-42.242],[145.256,-42.267],[145.253,-42.288],[145.29,-42.283],[145.3,-42.297],[145.318,-42.285],[145.31,-42.32],[145.453,-42.404],[145.447,-42.437],[145.474,-42.526],[145.48,-42.475],[145.464,-42.443],[145.474,-42.441],[145.458,-42.435],[145.492,-42.422],[145.531,-42.45],[145.555,-42.44],[145.608,-42.453],[145.618,-42.445],[145.557,-42.436],[145.534,-42.447],[145.513,-42.435],[145.558,-42.357],[145.512,-42.374],[145.503,-42.364],[145.527,-42.361],[145.494,-42.322],[145.481,-42.364],[145.463,-42.323],[145.432,-42.314],[145.423,-42.29],[145.365,-42.252],[145.372,-42.202],[145.346,-42.207],[145.373,-42.195],[145.347,-42.169],[145.329,-42.173],[145.334,-42.152],[145.308,-42.149],[145.318,-42.176],[145.268,-42.202],[145.285,-42.21],[145.29,-42.197],[145.29,-42.227],[145.223,-42.219],[145.26,-42.168],[145.264,-42.112],[145.249,-42.046],[145.252,-42.06],[145.191,-41.946],[145.202,-41.959],[145.204,-41.937],[145.195,-41.949],[145.124,-41.9],[145.057,-41.824],[145.028,-41.813],[144.985,-41.736],[144.955,-41.717],[144.927,-41.721],[144.911,-41.691],[144.925,-41.666],[145.005,-41.618],[145.05,-41.626],[145.035,-41.617],[145.051,-41.608],[145.051,-41.601],[144.975,-41.629],[144.921,-41.668],[144.84,-41.506],[144.746,-41.421],[144.79,-41.395],[144.759,-41.341],[144.771,-41.342],[144.738,-41.326],[144.742,-41.312],[144.72,-41.301],[144.723,-41.285],[144.684,-41.235],[144.695,-41.2],[144.673,-41.159],[144.683,-41.132],[144.671,-41.139],[144.665,-41.121],[144.677,-41.117],[144.678,-41.08],[144.659,-41.057],[144.684,-41.038],[144.695,-41.048],[144.754,-41.062]],[[144.779,-41.08],[144.775,-41.084],[144.781,-41.08],[144.779,-41.08]],[[144.777,-41.07],[144.792,-41.069],[144.795,-41.055],[144.791,-41.069],[144.777,-41.07]],[[144.796,-41.056],[144.799,-41.06],[144.799,-41.058],[144.796,-41.056]],[[144.791,-41.086],[144.791,-41.087],[144.799,-41.09],[144.791,-41.086]],[[145.064,-41.634],[145.062,-41.648],[145.081,-41.657],[145.104,-41.656],[145.066,-41.649],[145.064,-41.634]],[[145.389,-42.197],[145.411,-42.198],[145.415,-42.197],[145.389,-42.197]],[[145.431,-42.19],[145.449,-42.2],[145.47,-42.197],[145.472,-42.185],[145.487,-42.187],[145.5,-42.176],[145.472,-42.185],[145.47,-42.197],[145.431,-42.19]],[[146.157,-43.414],[146.166,-43.419],[146.169,-43.411],[146.157,-43.414]],[[147.536,-42.96],[147.516,-42.952],[147.509,-42.967],[147.529,-42.985],[147.536,-42.96]],[[148.301,-41.251],[148.288,-41.25],[148.288,-41.257],[148.301,-41.251]],[[147.206,-41.0],[147.203,-41.0],[147.203,-41.009],[147.206,-41.0]],[[146.152,-41.177],[146.129,-41.152],[146.121,-41.156],[146.152,-41.177]],[[145.121,-40.839],[145.091,-40.848],[145.12,-40.841],[145.121,-40.839]],[[148.249,-41.46],[148.236,-41.459],[148.244,-41.467],[148.233,-41.46],[148.232,-41.453],[148.231,-41.46],[148.246,-41.47],[148.249,-41.46]],[[148.23,-41.443],[148.228,-41.432],[148.229,-41.443],[148.23,-41.443]],[[148.22,-41.446],[148.216,-41.446],[148.219,-41.447],[148.22,-41.446]],[[148.204,-41.444],[148.205,-41.441],[148.198,-41.442],[148.204,-41.444]],[[148.074,-42.065],[148.076,-42.063],[148.064,-42.068],[148.074,-42.065]],[[147.036,-43.025],[147.056,-43.04],[147.037,-43.025],[147.034,-43.011],[147.002,-43.017],[147.033,-43.011],[147.036,-43.025]],[[146.918,-43.437],[146.908,-43.432],[146.906,-43.421],[146.908,-43.432],[146.918,-43.437]],[[145.918,-43.21],[145.928,-43.205],[145.916,-43.192],[145.937,-43.191],[145.921,-43.163],[145.94,-43.15],[145.92,-43.161],[145.927,-43.189],[145.909,-43.187],[145.918,-43.21]],[[145.614,-42.437],[145.626,-42.446],[145.672,-42.445],[145.665,-42.527],[145.671,-42.562],[145.718,-42.59],[145.741,-42.591],[145.672,-42.561],[145.673,-42.443],[145.614,-42.437]],[[145.246,-42.031],[145.253,-42.019],[145.268,-42.023],[145.253,-42.019],[145.246,-42.031]]],[[[148.345,-40.499],[148.34,-40.517],[148.331,-40.496],[148.345,-40.499]]],[[[148.348,-39.951],[148.323,-39.96],[148.315,-39.947],[148.329,-39.932],[148.348,-39.951]]],[[[148.346,-42.342],[148.252,-42.329],[148.236,-42.306],[148.298,-42.292],[148.346,-42.342]]],[[[148.334,-40.208],[148.283,-40.231],[148.259,-40.21],[148.21,-40.211],[148.193,-40.219],[148.185,-40.25],[148.122,-40.274],[148.046,-40.25],[148.025,-40.226],[148.042,-40.204],[148.018,-40.171],[148.007,-40.105],[147.964,-40.075],[147.954,-40.099],[147.934,-40.035],[147.859,-40.023],[147.907,-39.976],[147.88,-39.907],[147.848,-39.898],[147.805,-39.917],[147.748,-39.874],[147.804,-39.835],[147.844,-39.837],[147.841,-39.809],[147.87,-39.787],[147.848,-39.751],[147.884,-39.761],[147.942,-39.72],[147.963,-39.727],[147.956,-39.732],[147.956,-39.745],[147.967,-39.773],[147.968,-39.759],[147.991,-39.779],[147.961,-39.73],[148.122,-39.897],[148.108,-39.895],[148.186,-39.947],[148.171,-39.943],[148.177,-39.952],[148.291,-39.965],[148.286,-40.068],[148.223,-40.121],[148.279,-40.116],[148.288,-40.081],[148.334,-40.208]]],[[[148.326,-40.287],[148.306,-40.293],[148.278,-40.284],[148.295,-40.257],[148.326,-40.287]]],[[[148.318,-40.501],[148.315,-40.52],[148.304,-40.521],[148.303,-40.504],[148.318,-40.501]]],[[[148.267,-40.253],[148.234,-40.255],[148.228,-40.241],[148.256,-40.242],[148.267,-40.253]]],[[[148.262,-40.228],[148.244,-40.225],[148.257,-40.222],[148.262,-40.228]]],[[[148.248,-40.488],[148.232,-40.508],[148.235,-40.533],[148.195,-40.569],[148.198,-40.59],[148.178,-40.594],[148.149,-40.565],[148.126,-40.572],[148.113,-40.565],[148.122,-40.537],[148.096,-40.532],[148.131,-40.502],[148.193,-40.489],[148.21,-40.504],[148.239,-40.48],[148.248,-40.488]]],[[[148.215,-40.255],[148.206,-40.258],[148.202,-40.25],[148.215,-40.255]]],[[[148.169,-42.649],[148.145,-42.667],[148.081,-42.662],[148.068,-42.681],[148.087,-42.689],[148.093,-42.721],[148.065,-42.717],[148.014,-42.742],[148.039,-42.684],[148.066,-42.677],[148.05,-42.656],[148.009,-42.661],[148.038,-42.649],[148.025,-42.63],[148.067,-42.571],[148.12,-42.585],[148.141,-42.631],[148.169,-42.649]]],[[[148.166,-40.292],[148.132,-40.298],[148.143,-40.29],[148.166,-40.292]]],[[[148.128,-40.734],[148.108,-40.743],[148.09,-40.74],[148.119,-40.727],[148.128,-40.734]]],[[[148.109,-40.296],[148.108,-40.312],[148.098,-40.309],[148.109,-40.296]]],[[[148.082,-40.489],[148.048,-40.474],[148.062,-40.468],[148.082,-40.489]]],[[[148.025,-40.355],[147.995,-40.369],[147.981,-40.368],[148.006,-40.351],[148.025,-40.355]]],[[[148.012,-43.222],[147.95,-43.216],[147.945,-43.195],[147.897,-43.191],[147.895,-43.138],[147.886,-43.123],[147.867,-43.129],[147.863,-43.108],[147.85,-43.124],[147.866,-43.137],[147.846,-43.154],[147.861,-43.165],[147.87,-43.152],[147.853,-43.18],[147.876,-43.192],[147.875,-43.206],[147.844,-43.188],[147.797,-43.217],[147.8,-43.242],[147.786,-43.238],[147.776,-43.213],[147.712,-43.194],[147.716,-43.178],[147.701,-43.177],[147.685,-43.139],[147.703,-43.122],[147.731,-43.125],[147.734,-43.111],[147.716,-43.105],[147.748,-43.112],[147.742,-43.095],[147.684,-43.102],[147.627,-43.074],[147.619,-43.007],[147.679,-42.992],[147.685,-42.975],[147.664,-42.944],[147.679,-42.935],[147.731,-42.957],[147.708,-43.004],[147.727,-43.019],[147.718,-43.028],[147.74,-43.014],[147.749,-43.043],[147.767,-43.033],[147.774,-43.055],[147.807,-43.046],[147.814,-43.061],[147.841,-43.06],[147.845,-43.031],[147.86,-43.057],[147.872,-43.023],[147.925,-43.016],[147.847,-43.013],[147.838,-42.992],[147.857,-42.983],[147.811,-42.962],[147.866,-42.947],[147.815,-42.938],[147.822,-42.908],[147.803,-42.893],[147.876,-42.889],[147.908,-42.909],[147.904,-42.882],[147.861,-42.875],[147.892,-42.843],[147.92,-42.843],[147.94,-42.877],[147.971,-42.864],[147.958,-42.882],[147.999,-42.915],[147.983,-42.941],[148.0,-42.964],[147.926,-43.021],[147.95,-43.035],[147.945,-43.059],[147.981,-43.107],[147.981,-43.123],[147.954,-43.137],[148.006,-43.139],[147.964,-43.192],[148.012,-43.222]]],[[[148.011,-39.649],[147.991,-39.663],[147.965,-39.661],[147.985,-39.652],[147.983,-39.637],[148.011,-39.649]]],[[[148.01,-43.237],[147.999,-43.246],[147.999,-43.233],[148.01,-43.237]]],[[[147.984,-40.178],[147.974,-40.194],[147.972,-40.176],[147.984,-40.178]]],[[[147.947,-39.697],[147.903,-39.705],[147.888,-39.688],[147.927,-39.685],[147.947,-39.697]]],[[[147.931,-40.258],[147.928,-40.282],[147.911,-40.279],[147.931,-40.258]]],[[[147.917,-40.186],[147.89,-40.191],[147.906,-40.177],[147.917,-40.186]]],[[[147.909,-40.302],[147.881,-40.326],[147.847,-40.324],[147.856,-40.308],[147.836,-40.303],[147.84,-40.292],[147.909,-40.302]]],[[[147.893,-40.097],[147.887,-40.106],[147.887,-40.095],[147.893,-40.097]]],[[[147.803,-40.314],[147.787,-40.3],[147.791,-40.295],[147.8,-40.294],[147.803,-40.314]]],[[[147.787,-40.042],[147.76,-40.068],[147.757,-40.095],[147.726,-40.103],[147.764,-40.029],[147.776,-40.023],[147.787,-40.042]]],[[[147.779,-39.909],[147.769,-39.909],[147.774,-39.904],[147.779,-39.909]]],[[[147.675,-43.136],[147.67,-43.14],[147.672,-43.129],[147.675,-43.136]]],[[[147.644,-42.944],[147.645,-42.959],[147.636,-42.947],[147.644,-42.944]]],[[[147.641,-40.78],[147.634,-40.807],[147.617,-40.813],[147.641,-40.78]]],[[[147.491,-43.062],[147.472,-43.046],[147.485,-43.045],[147.491,-43.062]]],[[[147.203,-43.437],[147.183,-43.489],[147.159,-43.483],[147.147,-43.497],[147.136,-43.458],[147.094,-43.428],[147.097,-43.412],[147.122,-43.416],[147.16,-43.464],[147.18,-43.458],[147.174,-43.438],[147.192,-43.429],[147.168,-43.409],[147.186,-43.388],[147.179,-43.353],[147.213,-43.382],[147.218,-43.362],[147.234,-43.364],[147.222,-43.34],[147.271,-43.296],[147.291,-43.242],[147.306,-43.297],[147.358,-43.256],[147.341,-43.219],[147.383,-43.207],[147.379,-43.176],[147.332,-43.185],[147.342,-43.17],[147.299,-43.181],[147.301,-43.168],[147.276,-43.167],[147.296,-43.157],[147.282,-43.144],[147.31,-43.134],[147.329,-43.152],[147.337,-43.137],[147.356,-43.141],[147.361,-43.114],[147.328,-43.131],[147.33,-43.115],[147.307,-43.114],[147.351,-43.064],[147.401,-43.127],[147.392,-43.162],[147.409,-43.169],[147.433,-43.232],[147.43,-43.252],[147.416,-43.241],[147.38,-43.251],[147.322,-43.304],[147.334,-43.368],[147.367,-43.35],[147.379,-43.39],[147.338,-43.423],[147.324,-43.503],[147.295,-43.516],[147.263,-43.488],[147.247,-43.493],[147.246,-43.44],[147.203,-43.437]],[[147.203,-43.434],[147.242,-43.426],[147.242,-43.414],[147.202,-43.419],[147.203,-43.434]]],[[[147.361,-39.465],[147.346,-39.472],[147.351,-39.497],[147.33,-39.49],[147.324,-39.505],[147.306,-39.484],[147.322,-39.452],[147.361,-39.465]]],[[[147.302,-39.438],[147.29,-39.477],[147.26,-39.479],[147.293,-39.462],[147.275,-39.444],[147.302,-39.438]]],[[[147.148,-43.286],[147.144,-43.294],[147.138,-43.29],[147.148,-43.286]]],[[[147.134,-43.257],[147.128,-43.264],[147.13,-43.253],[147.134,-43.257]]],[[[147.106,-43.396],[147.1,-43.409],[147.094,-43.399],[147.106,-43.396]]],[[[147.088,-41.38],[147.082,-41.385],[147.079,-41.373],[147.088,-41.38]]],[[[147.041,-43.053],[147.023,-43.077],[147.031,-43.059],[147.041,-43.053]]],[[[147.02,-43.091],[147.014,-43.112],[147.0,-43.121],[147.005,-43.104],[147.02,-43.091]]],[[[146.986,-39.207],[146.988,-39.231],[146.977,-39.229],[146.986,-39.207]]],[[[146.658,-39.463],[146.64,-39.48],[146.638,-39.474],[146.658,-39.463]]],[[[146.395,-39.231],[146.381,-39.232],[146.389,-39.224],[146.395,-39.231]]],[[[146.375,-43.587],[146.351,-43.607],[146.337,-43.592],[146.375,-43.587]]],[[[146.297,-43.62],[146.285,-43.621],[146.292,-43.613],[146.297,-43.62]]],[[[146.286,-43.651],[146.267,-43.658],[146.275,-43.636],[146.286,-43.651]]],[[[145.971,-43.418],[145.963,-43.423],[145.969,-43.412],[145.971,-43.418]]],[[[145.104,-40.794],[145.046,-40.783],[145.044,-40.751],[145.104,-40.794]]],[[[144.929,-40.622],[144.928,-40.577],[144.95,-40.621],[144.93,-40.623],[144.937,-40.65],[144.968,-40.659],[144.955,-40.629],[144.992,-40.67],[145.049,-40.68],[145.068,-40.714],[144.977,-40.708],[144.894,-40.74],[144.867,-40.722],[144.872,-40.679],[144.929,-40.622]]],[[[144.97,-40.426],[144.948,-40.439],[144.952,-40.46],[144.897,-40.484],[144.835,-40.443],[144.877,-40.423],[144.887,-40.389],[144.955,-40.391],[144.97,-40.426]]],[[[144.841,-40.696],[144.824,-40.699],[144.833,-40.691],[144.841,-40.696]]],[[[144.785,-40.399],[144.791,-40.507],[144.771,-40.533],[144.776,-40.581],[144.758,-40.606],[144.726,-40.575],[144.733,-40.55],[144.711,-40.484],[144.756,-40.486],[144.785,-40.399]]],[[[144.723,-40.606],[144.716,-40.606],[144.718,-40.599],[144.723,-40.606]]],[[[144.698,-40.634],[144.687,-40.639],[144.679,-40.627],[144.698,-40.634]]],[[[144.138,-39.934],[144.105,-40.044],[144.07,-40.051],[144.027,-40.095],[143.95,-40.113],[143.921,-40.134],[143.926,-40.158],[143.901,-40.139],[143.904,-40.121],[143.875,-40.117],[143.858,-40.062],[143.89,-40.054],[143.892,-39.994],[143.833,-39.916],[143.867,-39.833],[143.844,-39.716],[143.923,-39.669],[143.935,-39.638],[143.924,-39.595],[143.946,-39.58],[144.005,-39.597],[144.11,-39.67],[144.101,-39.752],[144.114,-39.819],[144.093,-39.792],[144.107,-39.82],[144.121,-39.819],[144.111,-39.799],[144.128,-39.821],[144.105,-39.891],[144.138,-39.934]]],[[[143.838,-39.669],[143.819,-39.675],[143.827,-39.665],[143.838,-39.669]]],[[[143.836,-39.688],[143.83,-39.693],[143.826,-39.683],[143.836,-39.688]]]]}},{"type":"Feature","properties":{"state":"NT","name":"Northern Territory"},"geometry":{"type":"MultiPolygon","coordinates":[[[[130.501,-12.718],[130.529,-12.725],[130.524,-12.734],[130.531,-12.742],[130.531,-12.725],[130.511,-12.71],[130.521,-12.703],[130.536,-12.719],[130.557,-12.702],[130.559,-12.719],[130.567,-12.706],[130.583,-12.719],[130.57,-12.744],[130.608,-12.72],[130.605,-12.733],[130.63,-12.728],[130.625,-12.769],[130.644,-12.744],[130.621,-12.705],[130.687,-12.728],[130.68,-12.745],[130.689,-12.751],[130.707,-12.717],[130.739,-12.711],[130.706,-12.711],[130.69,-12.72],[130.679,-12.714],[130.702,-12.69],[130.674,-12.708],[130.674,-12.691],[130.633,-12.686],[130.616,-12.669],[130.586,-12.684],[130.573,-12.652],[130.546,-12.634],[130.55,-12.616],[130.583,-12.623],[130.587,-12.66],[130.609,-12.604],[130.619,-12.616],[130.63,-12.611],[130.643,-12.625],[130.641,-12.644],[130.644,-12.624],[130.631,-12.609],[130.589,-12.592],[130.604,-12.578],[130.574,-12.597],[130.567,-12.582],[130.583,-12.513],[130.606,-12.501],[130.581,-12.463],[130.623,-12.448],[130.578,-12.407],[130.619,-12.381],[130.765,-12.437],[130.757,-12.482],[130.727,-12.526],[130.779,-12.475],[130.774,-12.546],[130.749,-12.58],[130.729,-12.582],[130.732,-12.597],[130.73,-12.583],[130.749,-12.584],[130.779,-12.559],[130.767,-12.602],[130.775,-12.616],[130.777,-12.6],[130.78,-12.619],[130.792,-12.622],[130.78,-12.617],[130.788,-12.548],[130.81,-12.54],[130.814,-12.582],[130.825,-12.58],[130.816,-12.558],[130.841,-12.555],[130.868,-12.601],[130.847,-12.613],[130.869,-12.612],[130.87,-12.659],[130.88,-12.631],[130.899,-12.662],[130.908,-12.656],[130.882,-12.606],[130.933,-12.611],[130.945,-12.638],[130.947,-12.618],[130.952,-12.635],[130.967,-12.63],[130.953,-12.597],[130.945,-12.607],[130.923,-12.58],[130.885,-12.575],[130.878,-12.552],[130.901,-12.556],[130.88,-12.548],[130.859,-12.507],[130.88,-12.521],[130.904,-12.513],[130.896,-12.53],[130.907,-12.516],[130.908,-12.541],[130.923,-12.509],[130.927,-12.537],[130.947,-12.542],[130.939,-12.554],[130.949,-12.54],[130.954,-12.555],[130.947,-12.496],[130.931,-12.487],[130.947,-12.471],[130.897,-12.488],[130.892,-12.473],[130.917,-12.458],[130.891,-12.465],[130.886,-12.443],[130.879,-12.464],[130.85,-12.439],[130.851,-12.468],[130.821,-12.462],[130.836,-12.427],[130.816,-12.407],[130.843,-12.408],[130.842,-12.379],[130.861,-12.376],[130.896,-12.33],[130.946,-12.342],[130.946,-12.357],[130.983,-12.342],[131.013,-12.367],[131.009,-12.356],[131.055,-12.348],[131.03,-12.346],[131.03,-12.326],[131.061,-12.332],[131.028,-12.305],[131.013,-12.323],[131.03,-12.232],[130.995,-12.186],[130.996,-12.169],[131.031,-12.146],[131.046,-12.143],[131.065,-12.167],[131.113,-12.155],[131.125,-12.183],[131.169,-12.173],[131.222,-12.227],[131.208,-12.239],[131.206,-12.27],[131.232,-12.267],[131.222,-12.278],[131.225,-12.285],[131.234,-12.266],[131.207,-12.263],[131.212,-12.24],[131.251,-12.22],[131.229,-12.207],[131.274,-12.1],[131.266,-12.077],[131.297,-12.043],[131.3,-12.07],[131.321,-12.09],[131.323,-12.193],[131.381,-12.256],[131.427,-12.275],[131.683,-12.285],[131.775,-12.268],[131.879,-12.215],[131.904,-12.224],[131.939,-12.273],[132.07,-12.304],[132.171,-12.213],[132.224,-12.195],[132.238,-12.17],[132.262,-12.173],[132.278,-12.224],[132.353,-12.199],[132.389,-12.236],[132.417,-12.222],[132.442,-12.146],[132.513,-12.124],[132.556,-12.086],[132.578,-12.105],[132.629,-12.085],[132.619,-12.017],[132.641,-11.901],[132.655,-11.89],[132.637,-11.822],[132.581,-11.786],[132.649,-11.722],[132.655,-11.686],[132.643,-11.682],[132.631,-11.72],[132.595,-11.73],[132.54,-11.718],[132.5,-11.682],[132.507,-11.636],[132.558,-11.636],[132.574,-11.655],[132.565,-11.667],[132.617,-11.655],[132.548,-11.609],[132.536,-11.58],[132.553,-11.555],[132.525,-11.545],[132.532,-11.521],[132.5,-11.51],[132.494,-11.483],[132.457,-11.458],[132.353,-11.441],[132.302,-11.465],[132.239,-11.455],[132.138,-11.521],[132.115,-11.517],[132.114,-11.54],[132.068,-11.525],[132.034,-11.482],[132.03,-11.459],[132.051,-11.46],[132.059,-11.432],[132.041,-11.42],[131.997,-11.43],[131.99,-11.401],[131.962,-11.411],[131.942,-11.4],[131.989,-11.373],[131.968,-11.369],[131.966,-11.342],[131.93,-11.366],[131.917,-11.358],[131.944,-11.32],[131.915,-11.325],[131.86,-11.293],[131.821,-11.318],[131.763,-11.316],[131.759,-11.3],[131.776,-11.311],[131.78,-11.291],[131.801,-11.295],[131.794,-11.268],[131.84,-11.286],[131.855,-11.277],[131.815,-11.212],[131.84,-11.227],[131.86,-11.209],[131.879,-11.235],[131.882,-11.182],[131.912,-11.207],[131.904,-11.216],[131.928,-11.235],[131.93,-11.26],[131.945,-11.244],[131.961,-11.253],[131.961,-11.229],[131.974,-11.235],[131.986,-11.219],[131.962,-11.177],[131.994,-11.176],[131.97,-11.134],[131.993,-11.124],[132.011,-11.13],[132.046,-11.199],[132.076,-11.18],[132.066,-11.192],[132.083,-11.195],[132.084,-11.232],[132.114,-11.211],[132.096,-11.262],[132.116,-11.274],[132.1,-11.329],[132.123,-11.349],[132.137,-11.296],[132.156,-11.323],[132.145,-11.382],[132.158,-11.383],[132.17,-11.42],[132.176,-11.397],[132.208,-11.413],[132.183,-11.365],[132.19,-11.351],[132.222,-11.37],[132.236,-11.34],[132.198,-11.301],[132.173,-11.323],[132.197,-11.28],[132.18,-11.241],[132.202,-11.227],[132.161,-11.184],[132.162,-11.161],[132.141,-11.154],[132.136,-11.122],[132.187,-11.13],[132.196,-11.165],[132.243,-11.197],[132.24,-11.219],[132.284,-11.277],[132.265,-11.175],[132.322,-11.166],[132.339,-11.14],[132.333,-11.116],[132.382,-11.208],[132.374,-11.295],[132.397,-11.299],[132.406,-11.265],[132.422,-11.262],[132.42,-11.226],[132.434,-11.211],[132.451,-11.218],[132.477,-11.258],[132.507,-11.272],[132.487,-11.299],[132.51,-11.293],[132.517,-11.317],[132.502,-11.33],[132.514,-11.35],[132.547,-11.342],[132.585,-11.395],[132.622,-11.41],[132.638,-11.478],[132.669,-11.516],[132.733,-11.519],[132.842,-11.395],[132.864,-11.419],[132.896,-11.426],[132.909,-11.385],[132.865,-11.34],[132.918,-11.332],[132.968,-11.417],[133.008,-11.433],[133.046,-11.503],[133.077,-11.521],[133.07,-11.548],[133.106,-11.633],[133.15,-11.702],[133.191,-11.729],[133.282,-11.741],[133.253,-11.731],[133.343,-11.694],[133.354,-11.718],[133.32,-11.72],[133.308,-11.739],[133.321,-11.77],[133.37,-11.776],[133.369,-11.758],[133.403,-11.732],[133.415,-11.758],[133.399,-11.768],[133.448,-11.778],[133.459,-11.802],[133.534,-11.76],[133.53,-11.813],[133.549,-11.827],[133.566,-11.807],[133.602,-11.809],[133.595,-11.834],[133.611,-11.843],[133.663,-11.819],[133.656,-11.809],[133.678,-11.789],[133.692,-11.794],[133.67,-11.774],[133.738,-11.783],[133.774,-11.761],[133.786,-11.732],[133.809,-11.734],[133.794,-11.725],[133.837,-11.723],[133.868,-11.754],[133.916,-11.742],[133.94,-11.77],[133.916,-11.772],[133.89,-11.812],[133.847,-11.813],[133.823,-11.838],[133.83,-11.865],[133.858,-11.878],[133.876,-11.911],[133.912,-11.907],[133.908,-11.928],[133.984,-11.895],[134.004,-11.864],[134.031,-11.855],[134.064,-11.87],[134.064,-11.892],[134.078,-11.898],[134.075,-11.942],[134.127,-11.897],[134.175,-11.957],[134.169,-11.972],[134.15,-11.963],[134.152,-11.988],[134.182,-11.994],[134.194,-12.029],[134.162,-12.1],[134.168,-12.115],[134.188,-12.105],[134.194,-12.074],[134.228,-12.036],[134.254,-12.034],[134.246,-11.985],[134.287,-11.984],[134.348,-12.039],[134.491,-12.077],[134.605,-12.049],[134.656,-12.015],[134.688,-11.963],[134.748,-11.949],[134.771,-11.96],[134.761,-11.995],[134.78,-12.003],[134.798,-12.048],[134.83,-12.056],[134.837,-12.075],[134.832,-12.056],[134.844,-12.062],[134.842,-12.112],[134.857,-12.131],[134.905,-12.153],[134.935,-12.143],[134.972,-12.158],[135.056,-12.264],[135.145,-12.237],[135.213,-12.295],[135.162,-12.225],[135.267,-12.225],[135.283,-12.253],[135.313,-12.26],[135.342,-12.246],[135.352,-12.232],[135.312,-12.242],[135.28,-12.221],[135.276,-12.2],[135.257,-12.208],[135.223,-12.189],[135.303,-12.163],[135.319,-12.145],[135.306,-12.124],[135.353,-12.106],[135.366,-12.085],[135.423,-12.083],[135.405,-12.102],[135.415,-12.114],[135.454,-12.114],[135.508,-12.086],[135.519,-12.06],[135.57,-12.101],[135.65,-12.059],[135.654,-12.04],[135.91,-11.952],[135.877,-11.986],[135.87,-11.976],[135.832,-11.984],[135.833,-12.001],[135.773,-12.044],[135.759,-12.079],[135.659,-12.15],[135.652,-12.202],[135.721,-12.281],[135.71,-12.313],[135.746,-12.262],[135.776,-12.259],[135.778,-12.225],[135.804,-12.199],[135.85,-12.184],[135.881,-12.151],[135.895,-12.185],[135.912,-12.15],[135.928,-12.162],[135.949,-12.139],[135.959,-12.152],[135.96,-12.137],[136.002,-12.117],[136.004,-12.084],[136.046,-12.063],[135.973,-12.185],[135.958,-12.182],[135.928,-12.222],[135.956,-12.25],[135.95,-12.279],[136.001,-12.268],[136.014,-12.233],[136.061,-12.241],[136.03,-12.295],[136.009,-12.291],[136.024,-12.319],[135.976,-12.369],[135.976,-12.395],[136.015,-12.397],[135.993,-12.441],[136.004,-12.454],[135.989,-12.462],[136.015,-12.457],[136.014,-12.485],[136.052,-12.479],[136.046,-12.457],[136.064,-12.43],[136.086,-12.457],[136.108,-12.439],[136.121,-12.452],[136.151,-12.435],[136.158,-12.471],[136.232,-12.466],[136.249,-12.445],[136.26,-12.456],[136.253,-12.443],[136.314,-12.382],[136.304,-12.368],[136.333,-12.327],[136.325,-12.307],[136.368,-12.279],[136.343,-12.265],[136.363,-12.257],[136.359,-12.23],[136.337,-12.196],[136.315,-12.211],[136.228,-12.213],[136.219,-12.187],[136.232,-12.183],[136.172,-12.192],[136.167,-12.163],[136.217,-12.152],[136.213,-12.131],[136.23,-12.132],[136.267,-12.065],[136.326,-12.046],[136.339,-12.059],[136.344,-12.033],[136.39,-12.011],[136.382,-11.997],[136.415,-11.959],[136.431,-11.971],[136.444,-11.941],[136.492,-11.953],[136.523,-11.939],[136.531,-11.915],[136.561,-11.918],[136.574,-11.902],[136.558,-11.886],[136.563,-11.877],[136.58,-11.916],[136.534,-11.947],[136.472,-11.96],[136.473,-11.997],[136.456,-11.979],[136.449,-11.987],[136.489,-12.04],[136.503,-11.998],[136.531,-11.991],[136.565,-12.081],[136.587,-12.084],[136.578,-12.146],[136.599,-12.202],[136.646,-12.235],[136.648,-12.27],[136.675,-12.288],[136.669,-12.278],[136.706,-12.288],[136.721,-12.267],[136.742,-12.272],[136.766,-12.235],[136.751,-12.233],[136.752,-12.214],[136.723,-12.23],[136.729,-12.211],[136.699,-12.19],[136.677,-12.206],[136.681,-12.186],[136.782,-12.159],[136.818,-12.212],[136.873,-12.22],[136.884,-12.244],[136.905,-12.246],[136.902,-12.281],[136.928,-12.283],[136.939,-12.324],[136.921,-12.344],[136.944,-12.358],[136.979,-12.345],[136.963,-12.375],[136.9,-12.392],[136.779,-12.525],[136.773,-12.556],[136.761,-12.526],[136.776,-12.496],[136.796,-12.492],[136.794,-12.45],[136.776,-12.447],[136.735,-12.479],[136.721,-12.458],[136.722,-12.494],[136.742,-12.518],[136.727,-12.529],[136.748,-12.534],[136.731,-12.563],[136.72,-12.554],[136.694,-12.567],[136.692,-12.588],[136.669,-12.591],[136.68,-12.604],[136.677,-12.594],[136.696,-12.587],[136.697,-12.569],[136.735,-12.571],[136.747,-12.552],[136.762,-12.577],[136.735,-12.579],[136.691,-12.632],[136.679,-12.669],[136.694,-12.711],[136.653,-12.711],[136.617,-12.69],[136.631,-12.7],[136.601,-12.74],[136.625,-12.774],[136.608,-12.815],[136.622,-12.839],[136.587,-12.822],[136.584,-12.779],[136.606,-12.79],[136.55,-12.74],[136.525,-12.758],[136.543,-12.807],[136.518,-12.807],[136.483,-12.768],[136.464,-12.772],[136.468,-12.794],[136.488,-12.802],[136.479,-12.842],[136.518,-12.875],[136.552,-12.874],[136.546,-12.916],[136.638,-12.951],[136.645,-12.99],[136.668,-13.004],[136.629,-13.017],[136.618,-12.968],[136.58,-13.001],[136.584,-13.018],[136.562,-13.018],[136.559,-12.965],[136.532,-12.992],[136.52,-12.977],[136.492,-12.992],[136.455,-12.978],[136.453,-12.991],[136.481,-13.006],[136.507,-12.997],[136.511,-13.016],[136.535,-13.019],[136.533,-13.052],[136.567,-13.059],[136.531,-13.154],[136.499,-13.14],[136.479,-13.17],[136.468,-13.248],[136.447,-13.248],[136.454,-13.224],[136.44,-13.217],[136.331,-13.325],[136.319,-13.299],[136.338,-13.277],[136.328,-13.25],[136.368,-13.253],[136.388,-13.227],[136.356,-13.147],[136.372,-13.14],[136.354,-13.116],[136.369,-13.109],[136.371,-13.07],[136.333,-13.034],[136.291,-13.108],[136.321,-13.12],[136.307,-13.145],[136.316,-13.16],[136.283,-13.168],[136.289,-13.145],[136.256,-13.155],[136.253,-13.121],[136.243,-13.146],[136.218,-13.138],[136.214,-13.154],[136.247,-13.174],[136.235,-13.188],[136.245,-13.212],[136.218,-13.204],[136.201,-13.247],[136.175,-13.233],[136.162,-13.242],[136.182,-13.281],[136.156,-13.267],[136.134,-13.207],[136.15,-13.184],[136.145,-13.121],[136.099,-13.159],[136.108,-13.172],[136.078,-13.21],[136.084,-13.233],[136.053,-13.234],[136.062,-13.263],[136.047,-13.31],[136.012,-13.215],[135.979,-13.223],[135.964,-13.295],[135.948,-13.253],[135.919,-13.268],[135.88,-13.363],[135.921,-13.378],[135.926,-13.418],[135.973,-13.402],[135.961,-13.446],[135.929,-13.442],[135.931,-13.467],[135.894,-13.425],[135.86,-13.44],[135.855,-13.52],[135.869,-13.562],[135.84,-13.566],[135.835,-13.591],[135.865,-13.622],[135.881,-13.669],[135.907,-13.658],[135.922,-13.676],[135.889,-13.688],[135.879,-13.712],[135.914,-13.747],[135.956,-13.743],[136.034,-13.682],[136.026,-13.652],[136.083,-13.655],[136.013,-13.763],[136.016,-13.828],[135.992,-13.858],[135.989,-13.896],[135.91,-13.99],[135.913,-14.042],[135.879,-14.167],[135.904,-14.191],[135.881,-14.181],[135.816,-14.229],[135.794,-14.226],[135.736,-14.282],[135.703,-14.271],[135.73,-14.297],[135.668,-14.399],[135.67,-14.424],[135.62,-14.423],[135.59,-14.505],[135.537,-14.561],[135.518,-14.625],[135.541,-14.653],[135.519,-14.653],[135.499,-14.676],[135.465,-14.676],[135.416,-14.735],[135.382,-14.726],[135.411,-14.873],[135.479,-14.976],[135.58,-15.045],[135.657,-15.053],[135.724,-15.116],[135.749,-15.117],[135.863,-15.183],[135.982,-15.287],[136.165,-15.392],[136.21,-15.393],[136.24,-15.416],[136.27,-15.536],[136.317,-15.59],[136.317,-15.626],[136.326,-15.602],[136.412,-15.626],[136.534,-15.732],[136.548,-15.729],[136.555,-15.75],[136.568,-15.742],[136.559,-15.728],[136.621,-15.706],[136.644,-15.672],[136.665,-15.678],[136.672,-15.664],[136.682,-15.685],[136.724,-15.696],[136.683,-15.778],[136.643,-15.769],[136.658,-15.782],[136.645,-15.792],[136.67,-15.794],[136.714,-15.857],[136.691,-15.903],[136.706,-15.931],[136.729,-15.932],[136.771,-15.889],[136.761,-15.916],[136.823,-15.899],[136.889,-15.932],[136.953,-15.938],[136.913,-15.9],[136.97,-15.875],[136.978,-15.851],[136.987,-15.875],[137.004,-15.873],[137.084,-15.944],[137.254,-16.012],[137.309,-16.085],[137.295,-16.081],[137.373,-16.133],[137.384,-16.132],[137.357,-16.116],[137.409,-16.144],[137.574,-16.175],[137.73,-16.232],[137.862,-16.423],[138.001,-16.545],[137.999,-25.997],[129.001,-25.999],[129.001,-14.879],[129.032,-14.886],[129.044,-14.907],[129.066,-14.891],[129.101,-14.915],[129.108,-14.989],[129.131,-14.949],[129.157,-14.969],[129.153,-14.983],[129.158,-14.969],[129.189,-14.987],[129.17,-15.052],[129.201,-15.123],[129.175,-15.147],[129.158,-15.198],[129.188,-15.189],[129.187,-15.174],[129.2,-15.147],[129.196,-15.159],[129.231,-15.176],[129.215,-15.154],[129.249,-15.092],[129.236,-15.068],[129.256,-15.034],[129.256,-15.062],[129.278,-15.029],[129.293,-15.042],[129.302,-15.037],[129.281,-15.027],[129.265,-15.033],[129.233,-15.008],[129.242,-14.911],[129.228,-14.839],[129.263,-14.85],[129.257,-14.865],[129.317,-14.859],[129.409,-14.925],[129.482,-14.941],[129.525,-15.028],[129.604,-15.108],[129.602,-15.129],[129.56,-15.155],[129.564,-15.18],[129.579,-15.156],[129.626,-15.138],[129.685,-15.143],[129.64,-15.071],[129.641,-15.042],[129.663,-15.028],[129.635,-15.033],[129.623,-14.953],[129.608,-14.948],[129.593,-14.967],[129.5,-14.79],[129.534,-14.807],[129.592,-14.891],[129.618,-14.876],[129.586,-14.839],[129.578,-14.798],[129.632,-14.844],[129.649,-14.834],[129.745,-14.852],[129.768,-14.841],[129.803,-14.858],[129.881,-14.82],[129.864,-14.802],[129.903,-14.773],[129.868,-14.776],[129.813,-14.823],[129.769,-14.828],[129.749,-14.81],[129.81,-14.76],[129.794,-14.756],[129.775,-14.783],[129.734,-14.794],[129.672,-14.763],[129.665,-14.726],[129.589,-14.661],[129.584,-14.616],[129.692,-14.613],[129.719,-14.583],[129.756,-14.57],[129.772,-14.539],[129.669,-14.58],[129.526,-14.552],[129.488,-14.503],[129.523,-14.466],[129.49,-14.46],[129.507,-14.472],[129.483,-14.501],[129.482,-14.45],[129.454,-14.446],[129.474,-14.491],[129.453,-14.505],[129.398,-14.416],[129.398,-14.426],[129.357,-14.424],[129.367,-14.338],[129.419,-14.291],[129.409,-14.236],[129.464,-14.194],[129.496,-14.128],[129.512,-14.127],[129.479,-14.048],[129.516,-14.075],[129.525,-14.052],[129.536,-14.058],[129.542,-14.091],[129.528,-14.13],[129.557,-14.142],[129.567,-14.084],[129.595,-14.091],[129.609,-14.07],[129.591,-14.033],[129.598,-14.011],[129.609,-14.036],[129.641,-14.047],[129.721,-14.013],[129.746,-13.975],[129.747,-13.919],[129.716,-13.879],[129.74,-13.827],[129.795,-13.79],[129.79,-13.667],[129.835,-13.561],[129.817,-13.502],[129.885,-13.503],[129.869,-13.48],[129.897,-13.44],[129.91,-13.514],[129.957,-13.536],[130.008,-13.533],[130.064,-13.504],[130.106,-13.456],[130.142,-13.457],[130.235,-13.34],[130.278,-13.335],[130.284,-13.306],[130.24,-13.282],[130.164,-13.178],[130.116,-13.164],[130.134,-13.107],[130.12,-13.079],[130.141,-12.933],[130.194,-12.911],[130.213,-12.947],[130.247,-12.948],[130.338,-12.89],[130.358,-12.807],[130.352,-12.67],[130.404,-12.701],[130.394,-12.662],[130.414,-12.665],[130.439,-12.634],[130.445,-12.646],[130.461,-12.639],[130.514,-12.668],[130.518,-12.691],[130.501,-12.718]],[[136.494,-13.137],[136.495,-13.131],[136.49,-13.135],[136.494,-13.137]],[[136.92,-12.345],[136.879,-12.366],[136.873,-12.381],[136.911,-12.368],[136.92,-12.345]],[[136.485,-12.038],[136.482,-12.05],[136.465,-12.051],[136.489,-12.056],[136.485,-12.038]],[[134.46,-12.071],[134.448,-12.075],[134.455,-12.078],[134.46,-12.071]],[[130.625,-12.77],[130.624,-12.775],[130.635,-12.774],[130.625,-12.77]],[[131.018,-12.363],[131.019,-12.372],[131.019,-12.362],[131.018,-12.363]]],[[[137.106,-15.773],[137.074,-15.846],[137.04,-15.836],[137.034,-15.797],[137.016,-15.806],[136.993,-15.792],[136.989,-15.761],[136.97,-15.749],[136.978,-15.712],[136.964,-15.731],[136.959,-15.71],[136.948,-15.718],[136.954,-15.74],[136.93,-15.726],[136.939,-15.69],[136.918,-15.684],[136.948,-15.676],[136.936,-15.66],[136.961,-15.64],[136.984,-15.674],[136.994,-15.665],[136.977,-15.634],[137.0,-15.623],[136.991,-15.584],[137.02,-15.595],[137.034,-15.635],[137.067,-15.629],[137.085,-15.713],[137.073,-15.746],[137.106,-15.773]]],[[[137.074,-15.855],[137.069,-15.866],[137.068,-15.857],[137.074,-15.855]]],[[[136.964,-14.165],[136.934,-14.204],[136.96,-14.245],[136.941,-14.26],[136.965,-14.283],[136.936,-14.282],[136.95,-14.304],[136.91,-14.285],[136.904,-14.311],[136.86,-14.278],[136.842,-14.295],[136.819,-14.277],[136.815,-14.294],[136.803,-14.289],[136.809,-14.271],[136.755,-14.258],[136.694,-14.276],[136.682,-14.298],[136.67,-14.287],[136.65,-14.296],[136.628,-14.265],[136.491,-14.237],[136.437,-14.196],[136.396,-14.202],[136.325,-14.246],[136.324,-14.213],[136.411,-14.169],[136.443,-14.123],[136.408,-13.976],[136.436,-13.891],[136.409,-13.831],[136.435,-13.815],[136.44,-13.831],[136.457,-13.819],[136.463,-13.835],[136.496,-13.841],[136.525,-13.821],[136.532,-13.785],[136.539,-13.814],[136.566,-13.83],[136.574,-13.799],[136.6,-13.807],[136.594,-13.787],[136.638,-13.784],[136.631,-13.766],[136.608,-13.764],[136.618,-13.744],[136.589,-13.724],[136.592,-13.697],[136.578,-13.687],[136.636,-13.689],[136.617,-13.706],[136.632,-13.721],[136.647,-13.7],[136.676,-13.702],[136.694,-13.652],[136.715,-13.666],[136.729,-13.652],[136.72,-13.718],[136.681,-13.739],[136.697,-13.775],[136.735,-13.771],[136.712,-13.794],[136.725,-13.842],[136.754,-13.832],[136.807,-13.856],[136.837,-13.843],[136.837,-13.802],[136.797,-13.834],[136.839,-13.78],[136.841,-13.745],[136.905,-13.764],[136.924,-13.807],[136.884,-13.843],[136.858,-13.913],[136.813,-13.904],[136.779,-13.934],[136.762,-14.001],[136.779,-14.024],[136.808,-14.018],[136.808,-14.036],[136.784,-14.04],[136.777,-14.058],[136.76,-14.046],[136.752,-14.087],[136.737,-14.066],[136.721,-14.07],[136.721,-14.104],[136.7,-14.115],[136.716,-14.142],[136.707,-14.169],[136.726,-14.189],[136.785,-14.193],[136.771,-14.169],[136.777,-14.145],[136.8,-14.147],[136.866,-14.211],[136.894,-14.204],[136.915,-14.171],[136.911,-14.138],[136.931,-14.144],[136.928,-14.164],[136.964,-14.165]]],[[[136.962,-13.626],[136.951,-13.649],[136.925,-13.645],[136.933,-13.634],[136.962,-13.626]]],[[[136.95,-15.772],[136.94,-15.769],[136.947,-15.759],[136.95,-15.772]]],[[[136.937,-13.663],[136.929,-13.667],[136.926,-13.662],[136.937,-13.663]]],[[[136.909,-13.658],[136.901,-13.678],[136.887,-13.676],[136.909,-13.658]]],[[[136.905,-15.589],[136.862,-15.607],[136.882,-15.613],[136.881,-15.637],[136.845,-15.647],[136.837,-15.629],[136.852,-15.625],[136.83,-15.618],[136.843,-15.61],[136.831,-15.602],[136.855,-15.584],[136.842,-15.542],[136.867,-15.508],[136.883,-15.509],[136.874,-15.532],[136.905,-15.589]]],[[[136.841,-15.577],[136.828,-15.585],[136.774,-15.579],[136.793,-15.56],[136.833,-15.555],[136.841,-15.577]]],[[[136.838,-11.664],[136.825,-11.676],[136.81,-11.673],[136.824,-11.659],[136.838,-11.664]]],[[[136.836,-15.687],[136.814,-15.7],[136.791,-15.684],[136.78,-15.701],[136.798,-15.703],[136.804,-15.724],[136.732,-15.758],[136.728,-15.735],[136.751,-15.713],[136.73,-15.7],[136.735,-15.647],[136.795,-15.645],[136.829,-15.663],[136.836,-15.687]]],[[[136.83,-15.731],[136.816,-15.747],[136.801,-15.742],[136.803,-15.726],[136.83,-15.731]]],[[[136.827,-12.13],[136.8,-12.133],[136.796,-12.106],[136.797,-12.089],[136.824,-12.073],[136.827,-12.13]]],[[[136.819,-15.603],[136.791,-15.615],[136.777,-15.608],[136.791,-15.591],[136.819,-15.603]]],[[[136.759,-11.018],[136.72,-11.194],[136.667,-11.225],[136.684,-11.249],[136.625,-11.284],[136.627,-11.329],[136.538,-11.44],[136.522,-11.445],[136.518,-11.431],[136.502,-11.456],[136.484,-11.457],[136.474,-11.449],[136.502,-11.425],[136.498,-11.392],[136.52,-11.396],[136.533,-11.366],[136.583,-11.325],[136.583,-11.282],[136.62,-11.238],[136.623,-11.21],[136.644,-11.21],[136.657,-11.185],[136.687,-11.193],[136.707,-11.168],[136.696,-11.152],[136.707,-11.125],[136.694,-11.12],[136.716,-11.125],[136.722,-11.11],[136.701,-11.092],[136.727,-11.097],[136.738,-11.076],[136.713,-11.055],[136.726,-11.04],[136.745,-11.048],[136.737,-11.034],[136.759,-11.018]]],[[[136.762,-11.005],[136.748,-11.02],[136.737,-11.007],[136.762,-11.005]]],[[[136.754,-13.691],[136.733,-13.696],[136.738,-13.686],[136.754,-13.691]]],[[[136.709,-12.204],[136.7,-12.229],[136.697,-12.207],[136.709,-12.204]]],[[[136.702,-13.62],[136.702,-13.635],[136.686,-13.631],[136.702,-13.62]]],[[[136.688,-13.635],[136.681,-13.648],[136.681,-13.633],[136.688,-13.635]]],[[[136.688,-11.821],[136.67,-11.837],[136.643,-11.84],[136.688,-11.821]]],[[[136.683,-13.659],[136.676,-13.679],[136.66,-13.68],[136.662,-13.656],[136.683,-13.659]]],[[[136.669,-15.591],[136.674,-15.612],[136.646,-15.606],[136.669,-15.591]]],[[[136.657,-13.655],[136.648,-13.666],[136.644,-13.657],[136.657,-13.655]]],[[[136.642,-13.664],[136.631,-13.673],[136.632,-13.66],[136.642,-13.664]]],[[[136.626,-12.854],[136.621,-12.869],[136.618,-12.859],[136.626,-12.854]]],[[[136.627,-11.74],[136.58,-11.789],[136.512,-11.805],[136.534,-11.76],[136.545,-11.781],[136.559,-11.781],[136.558,-11.767],[136.572,-11.779],[136.565,-11.761],[136.588,-11.765],[136.588,-11.744],[136.627,-11.74]]],[[[136.617,-15.555],[136.597,-15.581],[136.605,-15.624],[136.59,-15.645],[136.551,-15.64],[136.523,-15.654],[136.495,-15.644],[136.513,-15.623],[136.505,-15.592],[136.525,-15.531],[136.567,-15.531],[136.579,-15.511],[136.61,-15.524],[136.617,-15.555]]],[[[136.603,-13.657],[136.591,-13.668],[136.576,-13.667],[136.586,-13.654],[136.603,-13.657]]],[[[136.584,-13.723],[136.575,-13.73],[136.57,-13.724],[136.584,-13.723]]],[[[136.579,-13.775],[136.574,-13.787],[136.572,-13.774],[136.579,-13.775]]],[[[136.542,-13.771],[136.52,-13.793],[136.499,-13.783],[136.469,-13.747],[136.471,-13.721],[136.515,-13.719],[136.51,-13.699],[136.531,-13.703],[136.542,-13.771]]],[[[136.5,-11.797],[136.478,-11.847],[136.486,-11.884],[136.464,-11.904],[136.477,-11.801],[136.5,-11.797]]],[[[136.474,-11.468],[136.449,-11.532],[136.374,-11.566],[136.367,-11.535],[136.381,-11.55],[136.386,-11.525],[136.402,-11.527],[136.43,-11.491],[136.447,-11.494],[136.474,-11.468]]],[[[136.457,-11.897],[136.454,-11.917],[136.435,-11.919],[136.457,-11.897]]],[[[136.408,-11.855],[136.43,-11.895],[136.367,-11.903],[136.41,-11.878],[136.408,-11.855]]],[[[136.42,-13.632],[136.397,-13.628],[136.417,-13.622],[136.42,-13.632]]],[[[136.401,-13.714],[136.384,-13.711],[136.38,-13.695],[136.401,-13.714]]],[[[136.383,-13.314],[136.375,-13.319],[136.369,-13.313],[136.383,-13.314]]],[[[136.377,-11.583],[136.297,-11.642],[136.29,-11.622],[136.265,-11.621],[136.261,-11.662],[136.231,-11.668],[136.224,-11.653],[136.214,-11.674],[136.204,-11.666],[136.16,-11.693],[136.181,-11.675],[136.17,-11.641],[136.208,-11.657],[136.21,-11.642],[136.231,-11.646],[136.224,-11.618],[136.243,-11.62],[136.24,-11.6],[136.265,-11.573],[136.281,-11.603],[136.315,-11.604],[136.295,-11.58],[136.309,-11.571],[136.341,-11.589],[136.361,-11.549],[136.377,-11.583]]],[[[136.373,-13.826],[136.369,-13.842],[136.335,-13.844],[136.355,-13.81],[136.373,-13.826]]],[[[136.335,-11.958],[136.323,-11.961],[136.333,-11.945],[136.335,-11.958]]],[[[136.147,-12.054],[136.133,-12.026],[136.155,-12.041],[136.171,-12.013],[136.193,-12.027],[136.189,-12.001],[136.202,-11.996],[136.2,-12.022],[136.218,-12.036],[136.272,-12.002],[136.282,-11.975],[136.313,-11.974],[136.311,-12.011],[136.198,-12.06],[136.195,-12.077],[136.128,-12.074],[136.118,-12.061],[136.147,-12.054]]],[[[136.302,-13.734],[136.254,-13.748],[136.255,-13.76],[136.276,-13.756],[136.284,-13.787],[136.26,-13.784],[136.248,-13.85],[136.199,-13.854],[136.211,-13.824],[136.186,-13.768],[136.145,-13.785],[136.168,-13.835],[136.128,-13.836],[136.106,-13.816],[136.12,-13.788],[136.113,-13.731],[136.123,-13.722],[136.145,-13.747],[136.174,-13.748],[136.174,-13.707],[136.193,-13.68],[136.181,-13.678],[136.2,-13.665],[136.254,-13.674],[136.252,-13.693],[136.292,-13.708],[136.302,-13.734]]],[[[136.273,-13.46],[136.244,-13.462],[136.239,-13.443],[136.248,-13.436],[136.273,-13.46]]],[[[136.248,-13.595],[136.236,-13.603],[136.219,-13.588],[136.236,-13.595],[136.237,-13.578],[136.248,-13.595]]],[[[136.21,-11.634],[136.195,-11.63],[136.193,-11.614],[136.205,-11.615],[136.21,-11.634]]],[[[136.206,-13.455],[136.194,-13.473],[136.171,-13.469],[136.166,-13.485],[136.142,-13.47],[136.168,-13.51],[136.141,-13.564],[136.127,-13.544],[136.15,-13.511],[136.127,-13.504],[136.122,-13.482],[136.142,-13.419],[136.127,-13.375],[136.093,-13.358],[136.115,-13.358],[136.151,-13.385],[136.177,-13.438],[136.206,-13.455]]],[[[136.156,-12.189],[136.114,-12.199],[136.104,-12.19],[136.122,-12.168],[136.148,-12.171],[136.156,-12.189]]],[[[136.155,-11.696],[136.131,-11.725],[136.138,-11.683],[136.155,-11.696]]],[[[136.123,-11.544],[136.109,-11.567],[136.111,-11.548],[136.123,-11.544]]],[[[136.109,-13.464],[136.083,-13.472],[136.075,-13.483],[136.082,-13.444],[136.109,-13.464]]],[[[136.105,-11.746],[136.075,-11.771],[136.078,-11.753],[136.105,-11.746]]],[[[136.096,-13.298],[136.092,-13.322],[136.078,-13.298],[136.096,-13.298]]],[[[136.09,-11.583],[136.08,-11.605],[136.077,-11.587],[136.09,-11.583]]],[[[136.071,-12.277],[136.048,-12.311],[136.048,-12.285],[136.071,-12.277]]],[[[136.063,-11.628],[136.063,-11.647],[136.055,-11.641],[136.063,-11.628]]],[[[136.056,-11.653],[135.993,-11.719],[135.991,-11.704],[135.981,-11.715],[135.95,-11.696],[135.96,-11.671],[136.024,-11.639],[136.056,-11.653]]],[[[136.051,-11.786],[136.029,-11.812],[136.041,-11.784],[136.051,-11.786]]],[[[136.047,-12.101],[136.037,-12.106],[136.028,-12.159],[136.026,-12.104],[136.047,-12.101]]],[[[135.993,-11.851],[135.981,-11.857],[135.946,-11.905],[135.942,-11.88],[135.982,-11.848],[135.993,-11.851]]],[[[135.978,-11.737],[135.961,-11.76],[135.94,-11.764],[135.953,-11.733],[135.978,-11.737]]],[[[135.976,-13.344],[135.961,-13.321],[135.972,-13.328],[135.976,-13.344]]],[[[135.735,-11.937],[135.833,-11.87],[135.835,-11.838],[135.854,-11.848],[135.884,-11.804],[135.9,-11.808],[135.904,-11.794],[135.889,-11.803],[135.866,-11.783],[135.876,-11.756],[135.928,-11.775],[135.938,-11.803],[135.858,-11.878],[135.798,-11.965],[135.742,-11.976],[135.735,-12.002],[135.637,-12.018],[135.565,-12.07],[135.563,-12.008],[135.594,-11.951],[135.632,-11.975],[135.657,-11.965],[135.667,-11.936],[135.735,-11.937]]],[[[135.759,-14.848],[135.764,-14.902],[135.732,-14.892],[135.708,-14.913],[135.687,-14.904],[135.717,-14.882],[135.71,-14.852],[135.726,-14.835],[135.759,-14.848]]],[[[135.735,-14.288],[135.733,-14.295],[135.728,-14.291],[135.735,-14.288]]],[[[135.63,-14.496],[135.608,-14.516],[135.603,-14.49],[135.63,-14.496]]],[[[135.17,-11.702],[135.156,-11.706],[135.15,-11.688],[135.157,-11.686],[135.17,-11.702]]],[[[135.122,-11.927],[135.057,-11.955],[135.047,-11.941],[135.057,-11.919],[135.122,-11.927]]],[[[135.003,-12.091],[134.99,-12.094],[134.976,-12.066],[134.998,-12.072],[135.003,-12.091]]],[[[134.991,-12.035],[134.96,-12.065],[134.944,-12.063],[134.909,-12.023],[134.954,-12.014],[134.991,-12.035]]],[[[134.952,-12.071],[134.951,-12.093],[134.942,-12.071],[134.952,-12.071]]],[[[134.925,-12.052],[134.926,-12.064],[134.917,-12.054],[134.925,-12.052]]],[[[134.929,-12.091],[134.905,-12.137],[134.869,-12.126],[134.866,-12.071],[134.848,-12.043],[134.906,-12.065],[134.929,-12.091]]],[[[134.865,-12.025],[134.851,-12.038],[134.827,-12.02],[134.84,-12.007],[134.865,-12.025]]],[[[134.831,-12.045],[134.798,-12.033],[134.798,-12.017],[134.81,-12.017],[134.831,-12.045]]],[[[134.222,-11.954],[134.218,-11.964],[134.208,-11.962],[134.222,-11.954]]],[[[134.185,-12.096],[134.172,-12.112],[134.167,-12.107],[134.173,-12.089],[134.185,-12.096]]],[[[133.493,-11.511],[133.434,-11.506],[133.383,-11.543],[133.402,-11.506],[133.39,-11.488],[133.424,-11.491],[133.467,-11.464],[133.493,-11.511]]],[[[133.482,-11.616],[133.447,-11.617],[133.421,-11.645],[133.415,-11.625],[133.388,-11.633],[133.402,-11.66],[133.37,-11.682],[133.35,-11.623],[133.409,-11.584],[133.441,-11.599],[133.467,-11.591],[133.482,-11.616]]],[[[133.017,-11.068],[132.994,-11.088],[132.978,-11.044],[133.017,-11.068]]],[[[132.92,-11.169],[132.904,-11.15],[132.877,-11.17],[132.857,-11.146],[132.917,-11.14],[132.92,-11.169]]],[[[132.877,-11.047],[132.87,-11.06],[132.852,-11.059],[132.859,-11.045],[132.877,-11.047]]],[[[132.832,-10.974],[132.826,-10.998],[132.819,-10.968],[132.832,-10.974]]],[[[132.803,-11.389],[132.78,-11.389],[132.775,-11.376],[132.803,-11.389]]],[[[132.733,-11.286],[132.731,-11.296],[132.72,-11.289],[132.733,-11.286]]],[[[132.682,-11.188],[132.66,-11.211],[132.643,-11.21],[132.66,-11.188],[132.682,-11.188]]],[[[132.595,-10.97],[132.579,-11.007],[132.614,-11.13],[132.588,-11.139],[132.58,-11.16],[132.588,-11.177],[132.625,-11.173],[132.631,-11.186],[132.603,-11.205],[132.619,-11.232],[132.619,-11.285],[132.6,-11.3],[132.588,-11.356],[132.555,-11.311],[132.543,-11.252],[132.47,-11.157],[132.51,-11.138],[132.513,-11.092],[132.486,-11.078],[132.462,-11.033],[132.498,-11.057],[132.527,-11.043],[132.545,-11.052],[132.534,-11.043],[132.56,-11.029],[132.564,-10.979],[132.595,-10.97]]],[[[132.463,-11.621],[132.457,-11.629],[132.447,-11.621],[132.463,-11.621]]],[[[132.422,-12.117],[132.411,-12.138],[132.388,-12.139],[132.336,-12.086],[132.401,-12.076],[132.422,-12.117]]],[[[132.36,-12.17],[132.352,-12.189],[132.354,-12.155],[132.36,-12.17]]],[[[132.34,-11.524],[132.333,-11.541],[132.335,-11.514],[132.34,-11.524]]],[[[132.324,-11.581],[132.315,-11.6],[132.296,-11.587],[132.304,-11.564],[132.324,-11.581]]],[[[132.175,-11.584],[132.168,-11.585],[132.17,-11.577],[132.175,-11.584]]],[[[132.149,-11.606],[132.134,-11.627],[132.111,-11.621],[132.122,-11.565],[132.149,-11.606]]],[[[131.965,-11.484],[131.954,-11.487],[131.948,-11.474],[131.965,-11.484]]],[[[130.402,-11.363],[130.391,-11.367],[130.384,-11.346],[130.407,-11.302],[130.394,-11.267],[130.363,-11.251],[130.373,-11.171],[130.402,-11.166],[130.514,-11.279],[130.496,-11.279],[130.539,-11.284],[130.554,-11.266],[130.595,-11.289],[130.604,-11.321],[130.586,-11.336],[130.58,-11.327],[130.587,-11.343],[130.567,-11.341],[130.555,-11.361],[130.568,-11.398],[130.619,-11.388],[130.657,-11.336],[130.657,-11.401],[130.681,-11.445],[130.701,-11.441],[130.706,-11.514],[130.711,-11.489],[130.722,-11.507],[130.723,-11.47],[130.755,-11.48],[130.761,-11.498],[130.824,-11.538],[130.791,-11.492],[130.766,-11.485],[130.769,-11.466],[130.734,-11.428],[130.697,-11.427],[130.705,-11.385],[130.848,-11.354],[130.897,-11.309],[131.032,-11.367],[131.051,-11.343],[131.041,-11.318],[131.092,-11.304],[131.089,-11.332],[131.095,-11.306],[131.111,-11.308],[131.088,-11.3],[131.112,-11.28],[131.113,-11.259],[131.148,-11.25],[131.166,-11.266],[131.168,-11.313],[131.188,-11.335],[131.208,-11.311],[131.209,-11.344],[131.228,-11.305],[131.191,-11.303],[131.204,-11.236],[131.247,-11.218],[131.251,-11.194],[131.269,-11.198],[131.26,-11.211],[131.277,-11.19],[131.315,-11.228],[131.297,-11.259],[131.305,-11.275],[131.328,-11.279],[131.329,-11.256],[131.353,-11.25],[131.375,-11.264],[131.381,-11.298],[131.4,-11.291],[131.401,-11.258],[131.436,-11.266],[131.43,-11.304],[131.463,-11.328],[131.455,-11.351],[131.481,-11.399],[131.456,-11.42],[131.5,-11.384],[131.537,-11.413],[131.543,-11.452],[131.527,-11.476],[131.508,-11.466],[131.465,-11.498],[131.455,-11.581],[131.47,-11.587],[131.47,-11.608],[131.426,-11.614],[131.369,-11.581],[131.379,-11.592],[131.36,-11.603],[131.371,-11.61],[131.334,-11.679],[131.28,-11.74],[131.254,-11.734],[131.182,-11.792],[131.082,-11.836],[131.048,-11.882],[131.018,-11.886],[130.976,-11.933],[130.949,-11.94],[130.862,-11.855],[130.686,-11.796],[130.68,-11.762],[130.572,-11.701],[130.556,-11.672],[130.529,-11.679],[130.493,-11.655],[130.476,-11.621],[130.494,-11.564],[130.432,-11.503],[130.426,-11.426],[130.402,-11.363]],[[131.369,-11.581],[131.356,-11.578],[131.366,-11.586],[131.369,-11.581]],[[130.403,-11.361],[130.408,-11.36],[130.404,-11.355],[130.403,-11.361]]],[[[131.35,-12.097],[131.355,-12.111],[131.345,-12.111],[131.35,-12.097]]],[[[131.135,-12.012],[131.112,-12.024],[131.073,-12.015],[131.127,-12.001],[131.135,-12.012]]],[[[131.127,-12.059],[131.106,-12.075],[131.062,-12.069],[131.098,-12.053],[131.127,-12.059]]],[[[131.065,-12.038],[131.032,-12.058],[131.002,-12.052],[131.039,-12.032],[131.065,-12.038]]],[[[131.048,-12.112],[131.037,-12.128],[131.012,-12.118],[131.031,-12.099],[131.048,-12.112]]],[[[130.872,-12.548],[130.863,-12.56],[130.864,-12.546],[130.872,-12.548]]],[[[130.661,-11.814],[130.647,-11.821],[130.646,-11.81],[130.661,-11.814]]],[[[130.222,-11.704],[130.207,-11.725],[130.237,-11.747],[130.236,-11.724],[130.217,-11.717],[130.23,-11.704],[130.207,-11.694],[130.223,-11.67],[130.261,-11.707],[130.284,-11.699],[130.306,-11.733],[130.293,-11.692],[130.261,-11.698],[130.246,-11.679],[130.258,-11.675],[130.266,-11.662],[130.254,-11.673],[130.218,-11.631],[130.191,-11.643],[130.201,-11.586],[130.175,-11.558],[130.196,-11.516],[130.225,-11.507],[130.239,-11.539],[130.255,-11.537],[130.261,-11.571],[130.283,-11.54],[130.263,-11.543],[130.261,-11.527],[130.235,-11.521],[130.231,-11.485],[130.209,-11.512],[130.185,-11.484],[130.148,-11.482],[130.18,-11.429],[130.23,-11.407],[130.245,-11.367],[130.248,-11.398],[130.252,-11.346],[130.28,-11.343],[130.286,-11.361],[130.287,-11.343],[130.337,-11.319],[130.322,-11.333],[130.342,-11.326],[130.361,-11.38],[130.4,-11.425],[130.376,-11.507],[130.464,-11.575],[130.449,-11.627],[130.465,-11.629],[130.468,-11.666],[130.556,-11.693],[130.641,-11.757],[130.604,-11.827],[130.571,-11.811],[130.503,-11.83],[130.312,-11.771],[130.131,-11.825],[130.049,-11.824],[130.024,-11.797],[130.033,-11.756],[130.081,-11.769],[130.061,-11.751],[130.077,-11.669],[130.123,-11.707],[130.157,-11.705],[130.202,-11.649],[130.214,-11.664],[130.204,-11.694],[130.222,-11.704]],[[130.212,-11.709],[130.211,-11.705],[130.205,-11.707],[130.212,-11.709]]],[[[130.343,-11.328],[130.342,-11.326],[130.342,-11.326],[130.343,-11.328]]],[[[130.544,-12.704],[130.526,-12.702],[130.524,-12.662],[130.487,-12.624],[130.485,-12.58],[130.517,-12.558],[130.521,-12.589],[130.503,-12.61],[130.544,-12.704]]],[[[130.434,-12.58],[130.417,-12.592],[130.405,-12.574],[130.421,-12.564],[130.434,-12.58]]],[[[130.416,-12.595],[130.401,-12.602],[130.392,-12.587],[130.404,-12.581],[130.416,-12.595]]],[[[130.408,-12.608],[130.402,-12.615],[130.385,-12.602],[130.408,-12.608]]],[[[130.396,-12.627],[130.386,-12.643],[130.368,-12.642],[130.371,-12.619],[130.396,-12.627]]],[[[130.11,-13.22],[130.085,-13.21],[130.091,-13.193],[130.102,-13.194],[130.11,-13.22]]],[[[130.075,-13.171],[130.02,-13.18],[130.018,-13.111],[130.028,-13.151],[130.058,-13.152],[130.075,-13.171]]],[[[129.732,-14.804],[129.698,-14.81],[129.671,-14.784],[129.732,-14.804]]]]}},{"type":"Feature","properties":{"state":"ACT","name":"Australian Capital Territory"},"geometry":{"type":"Polygon","coordinates":[[[149.399,-35.319],[149.352,-35.351],[149.255,-35.33],[149.208,-35.345],[149.147,-35.415],[149.139,-35.433],[149.155,-35.437],[149.136,-35.454],[149.151,-35.507],[149.131,-35.554],[149.143,-35.593],[149.078,-35.586],[149.109,-35.697],[149.091,-35.766],[149.096,-35.846],[149.064,-35.875],[149.049,-35.92],[149.012,-35.9],[148.959,-35.895],[148.909,-35.853],[148.887,-35.81],[148.903,-35.758],[148.887,-35.719],[148.856,-35.761],[148.791,-35.703],[148.798,-35.666],[148.767,-35.647],[148.783,-35.628],[148.768,-35.603],[148.789,-35.588],[148.763,-35.496],[148.786,-35.409],[148.809,-35.382],[148.793,-35.339],[148.808,-35.31],[149.121,-35.125],[149.189,-35.166],[149.205,-35.23],[149.239,-35.222],[149.235,-35.243],[149.273,-35.259],[149.272,-35.274],[149.315,-35.276],[149.362,-35.309],[149.395,-35.303],[149.399,-35.319]],[[149.153,-35.305],[149.114,-35.28],[149.101,-35.294],[149.099,-35.286],[149.088,-35.285],[149.071,-35.299],[149.084,-35.304],[149.095,-35.287],[149.101,-35.301],[149.153,-35.305]]]}}]}